,text
0,"#QatarWorldCup2022

Group C

NEXT MATCH

ğŸ“… Wednesday 30 November 2022
â° 4:00 p.m.
âš½ #ArgentinağŸ‡¦ğŸ‡· ğŸ†š #Poland ğŸ‡¬ğŸ‡®
ğŸŸï¸ 947
ğŸ“º @televicion.publica7mundial

#Qatar2022
#MajorSelection
#POL
#Poland
#FIFAWorldCup
#FIFAWorldCup https://t.co/2UgGEdS3a2"
1,"@LigaAFA_Eng @bff_football @JohnCena Unbelievable crowd to watch Argentina-Mexico match at Dhaka University,Bangladesh. ğŸ‡§ğŸ‡©ğŸ’™ğŸ‡¦ğŸ‡·

#SelecciÃ³nmayor ğŸ«¶ğŸ¤Ÿ
#Albicelestaforever ğŸ‡§ğŸ‡©ğŸ’™ğŸ‡¦ğŸ‡·
#VamosArgentina âœŠğŸ’ª
#MexicoVsArgentina #Messiğ“ƒµ #WorldCup #Argentina #GOATğ“ƒµ #Bangladesh #WorldcupQatar2022 #Qatar2022 https://t.co/8mdRwcLgdo"
2,"@budweiser_ar Unbelievable crowd to watch Argentina-Mexico match at Dhaka University,Bangladesh. ğŸ‡§ğŸ‡©ğŸ’™ğŸ‡¦ğŸ‡·

#SelecciÃ³nmayor ğŸ«¶ğŸ¤Ÿ
#Albicelestaforever ğŸ‡§ğŸ‡©ğŸ’™ğŸ‡¦ğŸ‡·
#VamosArgentina âœŠğŸ’ª
#MexicoVsArgentina #Messiğ“ƒµ #WorldCup #Argentina #GOATğ“ƒµ #Bangladesh #WorldcupQatar2022 #Qatar2022 https://t.co/ru6vq4kWVC"
3,"@golazoargentino Unbelievable crowd to watch Argentina-Mexico match at Dhaka University,Bangladesh. ğŸ‡§ğŸ‡©ğŸ’™ğŸ‡¦ğŸ‡·

#SelecciÃ³nmayor ğŸ«¶ğŸ¤Ÿ
#Albicelestaforever ğŸ‡§ğŸ‡©ğŸ’™ğŸ‡¦ğŸ‡·
#VamosArgentina âœŠğŸ’ª
#MexicoVsArgentina #Messiğ“ƒµ #WorldCup #Argentina #GOATğ“ƒµ #Bangladesh #WorldcupQatar2022 #Qatar2022 https://t.co/ikhkJQCnLT"
4,"#SelecciÃ³nMayor New day at the office! ğŸ˜

Let's go guys! ğŸ’ªğŸ‡¦ğŸ‡·

#All together

ğŸ“ https://t.co/pEBrIKPrO9 https://t.co/SqE8vB4bI0"
5,"@candy_pepper ğŸ‡¨ğŸ‡² #CAMERUM vs #SERBIAğŸ‡·ğŸ‡¸
ğŸ‡°ğŸ‡· #KOREADELSUR vs #GHANAğŸ‡¬ğŸ‡­
ğŸ‡§ğŸ‡· #BRAZIL vs #SWITZERLANDğŸ‡¨ğŸ‡­
ğŸ‡µğŸ‡¹ #PORTUGAL vs #URUGUAY

#FIFAWorldCup #Qatar2022
#VamosArgentina #SeleccionArgentina #Argentina #SeleccionMayor #QatarWorldCup2022 #Qatar #Doha #AbuDabi #Fifa #GirlsSoccer #BoddiesSoccer https://t.co/Ln7doBn4Z5"
6,"@Ridotto_Nordic @ridotto_io ğŸ‡¨ğŸ‡² #CAMERUM vs #SERBIAğŸ‡·ğŸ‡¸
ğŸ‡°ğŸ‡· #KOREADELSUR vs #GHANAğŸ‡¬ğŸ‡­
ğŸ‡§ğŸ‡· #BRAZIL vs #SWITZERLANDğŸ‡¨ğŸ‡­
ğŸ‡µğŸ‡¹ #PORTUGAL vs #URUGUAY

#FIFAWorldCup #Qatar2022
#VamosArgentina #SeleccionArgentina #Argentina #SeleccionMayor #QatarWorldCup2022 #Qatar #Doha #AbuDabi #Fifa #GirlsSoccer #BoddiesSoccer https://t.co/FmxGnVk8ys"
7,"@El_Malque ğŸ‡¨ğŸ‡² #CAMERUM vs #SERBIAğŸ‡·ğŸ‡¸
ğŸ‡°ğŸ‡· #KOREADELSUR vs #GHANAğŸ‡¬ğŸ‡­
ğŸ‡§ğŸ‡· #BRAZIL vs #SWITZERLANDğŸ‡¨ğŸ‡­
ğŸ‡µğŸ‡¹ #PORTUGAL vs #URUGUAY

#FIFAWorldCup #Qatar2022
#VamosArgentina #SeleccionArgentina #Argentina #SeleccionMayor #QatarWorldCup2022 #Qatar #Doha #AbuDabi #Fifa #GirlsSoccer #BoddiesSoccer https://t.co/O7u4zvKJun"
8,"@CMonteroOficial ğŸ‡¨ğŸ‡² #CAMERUM vs #SERBIAğŸ‡·ğŸ‡¸
ğŸ‡°ğŸ‡· #KOREADELSUR vs #GHANAğŸ‡¬ğŸ‡­
ğŸ‡§ğŸ‡· #BRAZIL vs #SWITZERLANDğŸ‡¨ğŸ‡­
ğŸ‡µğŸ‡¹ #PORTUGAL vs #URUGUAY

#FIFAWorldCup #Qatar2022
#VamosArgentina #SeleccionArgentina #Argentina #SeleccionMayor #QatarWorldCup2022 #Qatar #Doha #AbuDabi #Fifa #GirlsSoccer #BoddiesSoccer https://t.co/mgruTvBnPt"
9,"@UCL_ARAB ğŸ‡¨ğŸ‡² #CAMERUM vs #SERBIAğŸ‡·ğŸ‡¸
ğŸ‡°ğŸ‡· #KOREADELSUR vs #GHANAğŸ‡¬ğŸ‡­
ğŸ‡§ğŸ‡· #BRAZIL vs #SWITZERLANDğŸ‡¨ğŸ‡­
ğŸ‡µğŸ‡¹ #PORTUGAL vs #URUGUAY

#FIFAWorldCup #Qatar2022
#VamosArgentina #SeleccionArgentina #Argentina #SeleccionMayor #QatarWorldCup2022 #Qatar #Doha #AbuDabi #Fifa #GirlsSoccer #BoddiesSoccer https://t.co/MGvAKbKPNB"
10,"@QNAEnglish ğŸ‡¨ğŸ‡² #CAMERUM vs #SERBIAğŸ‡·ğŸ‡¸
ğŸ‡°ğŸ‡· #KOREADELSUR vs #GHANAğŸ‡¬ğŸ‡­
ğŸ‡§ğŸ‡· #BRAZIL vs #SWITZERLANDğŸ‡¨ğŸ‡­
ğŸ‡µğŸ‡¹ #PORTUGAL vs #URUGUAY

#FIFAWorldCup #Qatar2022
#VamosArgentina #SeleccionArgentina #Argentina #SeleccionMayor #QatarWorldCup2022 #Qatar #Doha #AbuDabi #Fifa #GirlsSoccer #BoddiesSoccer https://t.co/Z6ETQUPtPI"
11,"@AFPespanol ğŸ‡¨ğŸ‡² #CAMERUM vs #SERBIAğŸ‡·ğŸ‡¸
ğŸ‡°ğŸ‡· #KOREADELSUR vs #GHANAğŸ‡¬ğŸ‡­
ğŸ‡§ğŸ‡· #BRAZIL vs #SWITZERLANDğŸ‡¨ğŸ‡­
ğŸ‡µğŸ‡¹ #PORTUGAL vs #URUGUAY

#FIFAWorldCup #Qatar2022
#VamosArgentina #mexicoargentina #SeleccionArgentina #ArgentinavsMexico #Argentina #SeleccionMayor #QatarWorldCup2022 #Qatar #Doha #AbuDabi #Fifa https://t.co/fC2fTfAO9m"
12,"@rdz_villasenor @MisterHuevitos @miseleccionmx @SaudiNT_EN ğŸ‡¨ğŸ‡² #CAMERUM vs #SERBIAğŸ‡·ğŸ‡¸
ğŸ‡°ğŸ‡· #KOREADELSUR vs #GHANAğŸ‡¬ğŸ‡­
ğŸ‡§ğŸ‡· #BRAZIL vs #SWITZERLANDğŸ‡¨ğŸ‡­
ğŸ‡µğŸ‡¹ #PORTUGAL vs #URUGUAY

#FIFAWorldCup #Qatar2022
#VamosArgentina #mexicoargentina #SeleccionArgentina #ArgentinavsMexico #Argentina #SeleccionMayor #QatarWorldCup2022 #Qatar #Doha #AbuDhabi #Fifa https://t.co/6XMKt6xhoo"
13,"@moow2earn @FEFecuador @FootballSenegal @OnsOranje @QFA @TeamMelliIran @USMNT @Cymru @England ğŸ‡¨ğŸ‡² #CAMERUM vs #SERBIAğŸ‡·ğŸ‡¸
ğŸ‡°ğŸ‡· #KOREADELSUR vs #GHANAğŸ‡¬ğŸ‡­
ğŸ‡§ğŸ‡· #BRASIL vs #SUIZAğŸ‡¨ğŸ‡­ 
ğŸ‡µğŸ‡¹ #PORTUGAL vs #URUGUAY

#FIFAWorldCupÂ Â #Qatar2022Â Â 
#VamosArgentina #mexicoargentina #SeleccionArgentina #ArgentinavsMexico #Argentina #SeleccionMayor #QatarWorldCup2022 #Qatar #Doha #AbuDabi #Fifa https://t.co/uf2vzTn1Ds"
14,"@MadridSports_ @vinijr @RodrygoGoes @edermilitao @fedeevalverde ğŸ‡¨ğŸ‡² #CAMERUM vs #SERBIAğŸ‡·ğŸ‡¸
ğŸ‡°ğŸ‡· #KOREADELSUR vs #GHANAğŸ‡¬ğŸ‡­
ğŸ‡§ğŸ‡· #BRAZIL vs #SWITZERLANDğŸ‡¨ğŸ‡­
ğŸ‡µğŸ‡¹ #PORTUGAL vs #URUGUAY

#FIFAWorldCup #Qatar2022
#VamosArgentina #mexicoargentina #SeleccionArgentina #ArgentinavsMexico #Argentina #SeleccionMayor #QatarWorldCup2022 #Qatar #Doha #AbuDabi #Fifa https://t.co/4z08ci9UIz"
15,"@sudanalytics_ Unbelievable crowd to watch Argentina-Mexico match at Dhaka University,Bangladesh. ğŸ‡§ğŸ‡©ğŸ’™ğŸ‡¦ğŸ‡·

#SelecciÃ³nmayor ğŸ«¶ğŸ¤Ÿ
#Albicelestaforever ğŸ‡§ğŸ‡©ğŸ’™ğŸ‡¦ğŸ‡·
#VamosArgentina âœŠğŸ’ª
#MexicoVsArgentina #Messiğ“ƒµ #WorldCup #Argentina #GOATğ“ƒµ #Bangladesh #WorldcupQatar2022 #Qatar2022 https://t.co/7gfFBUGtcJ"
16,"We are not going to give up.ğŸ¤™
We are Argentina.ğŸ‡¦ğŸ‡·ğŸ’ª

#SelecciÃ³nmayor ğŸ«¶ğŸ¤Ÿ
#Albicelestaforever ğŸ‡§ğŸ‡©ğŸ’™ğŸ‡¦ğŸ‡·
#VamosArgentina âœŠğŸ’ª

#WorldCup2022 #Messi #Argentina #Maradona #LeoMessi #GOATğ“ƒµ #football #FIFAWorldCup #Qatar2022 #Barcelona #Barca https://t.co/Si5UQ6zP69"
17,"@dataref_ar Unbelievable crowd to watch Argentina-Mexico match at Dhaka University,Bangladesh. ğŸ‡§ğŸ‡©ğŸ’™ğŸ‡¦ğŸ‡·

#SelecciÃ³nmayor ğŸ«¶ğŸ¤Ÿ
#Albicelestaforever ğŸ‡§ğŸ‡©ğŸ’™ğŸ‡¦ğŸ‡·
#VamosArgentina âœŠğŸ’ª
#MexicoVsArgentina #Messiğ“ƒµ #WorldCup #Argentina #GOATğ“ƒµ #Bangladesh #WorldcupQatar2022 #Qatar2022 https://t.co/06bL036MQn"
18,"@DiarioOle @SobugMessi10jr Unbelievable crowd to watch Argentina-Mexico match at Dhaka University,Bangladesh. ğŸ‡§ğŸ‡©ğŸ’™ğŸ‡¦ğŸ‡·

#SelecciÃ³nmayor ğŸ«¶ğŸ¤Ÿ
#Albicelestaforever ğŸ‡§ğŸ‡©ğŸ’™ğŸ‡¦ğŸ‡·
#VamosArgentina âœŠğŸ’ª
#MexicoVsArgentina #Messiğ“ƒµ #WorldCup #Argentina #GOATğ“ƒµ #Bangladesh #WorldcupQatar2022 #Qatar2022 https://t.co/eiM8I6k9eU"
19,"@ESPNFC @SobugMessi10jr Unbelievable crowd to watch Argentina-Mexico match at Dhaka University,Bangladesh. ğŸ‡§ğŸ‡©ğŸ’™ğŸ‡¦ğŸ‡·

#SelecciÃ³nmayor ğŸ«¶ğŸ¤Ÿ
#Albicelestaforever ğŸ‡§ğŸ‡©ğŸ’™ğŸ‡¦ğŸ‡·
#VamosArgentina âœŠğŸ’ª
#MexicoVsArgentina #Messiğ“ƒµ #WorldCup #Argentina #GOATğ“ƒµ #Bangladesh #WorldcupQatar2022 #Qatar2022 https://t.co/bqnJmEjY7s"
20,"#SelecciÃ³nMayor What a relief, right?! ğŸ˜… ğŸ’ªğŸ½

Well, here we are already thinking about what is coming. Tucked in and united.

#TodosJuntos https://t.co/48GSYZdnrJ"
21,"LEYENDA ğŸ†

#lionelmessi #leomessi #messi #LM10 #argentina #selecciÃ³nmayor #todosjuntos #adidas #adidasfootball #impossibleisnothing #fifaworldcup #worldcup2022 #qatar2022 #worldcup #smsports ğŸ‡¦ğŸ‡· https://t.co/LmlczCLwi2"
22,"#SelecciÃ³nMayor New day at the office! ğŸ˜

Let's go guys! ğŸ’ªğŸ‡¦ğŸ‡·

#All together

ğŸ“ https://t.co/pEBrIKPrO9 https://t.co/SqE8vB4bI0"
23,"@candy_pepper ğŸ‡¨ğŸ‡² #CAMERUM vs #SERBIAğŸ‡·ğŸ‡¸
ğŸ‡°ğŸ‡· #KOREADELSUR vs #GHANAğŸ‡¬ğŸ‡­
ğŸ‡§ğŸ‡· #BRAZIL vs #SWITZERLANDğŸ‡¨ğŸ‡­
ğŸ‡µğŸ‡¹ #PORTUGAL vs #URUGUAY

#FIFAWorldCup #Qatar2022
#VamosArgentina #SeleccionArgentina #Argentina #SeleccionMayor #QatarWorldCup2022 #Qatar #Doha #AbuDabi #Fifa #GirlsSoccer #BoddiesSoccer https://t.co/Ln7doBn4Z5"
24,"@Ridotto_Nordic @ridotto_io ğŸ‡¨ğŸ‡² #CAMERUM vs #SERBIAğŸ‡·ğŸ‡¸
ğŸ‡°ğŸ‡· #KOREADELSUR vs #GHANAğŸ‡¬ğŸ‡­
ğŸ‡§ğŸ‡· #BRAZIL vs #SWITZERLANDğŸ‡¨ğŸ‡­
ğŸ‡µğŸ‡¹ #PORTUGAL vs #URUGUAY

#FIFAWorldCup #Qatar2022
#VamosArgentina #SeleccionArgentina #Argentina #SeleccionMayor #QatarWorldCup2022 #Qatar #Doha #AbuDabi #Fifa #GirlsSoccer #BoddiesSoccer https://t.co/FmxGnVk8ys"
25,"@El_Malque ğŸ‡¨ğŸ‡² #CAMERUM vs #SERBIAğŸ‡·ğŸ‡¸
ğŸ‡°ğŸ‡· #KOREADELSUR vs #GHANAğŸ‡¬ğŸ‡­
ğŸ‡§ğŸ‡· #BRAZIL vs #SWITZERLANDğŸ‡¨ğŸ‡­
ğŸ‡µğŸ‡¹ #PORTUGAL vs #URUGUAY

#FIFAWorldCup #Qatar2022
#VamosArgentina #SeleccionArgentina #Argentina #SeleccionMayor #QatarWorldCup2022 #Qatar #Doha #AbuDabi #Fifa #GirlsSoccer #BoddiesSoccer https://t.co/O7u4zvKJun"
26,"@CMonteroOficial ğŸ‡¨ğŸ‡² #CAMERUM vs #SERBIAğŸ‡·ğŸ‡¸
ğŸ‡°ğŸ‡· #KOREADELSUR vs #GHANAğŸ‡¬ğŸ‡­
ğŸ‡§ğŸ‡· #BRAZIL vs #SWITZERLANDğŸ‡¨ğŸ‡­
ğŸ‡µğŸ‡¹ #PORTUGAL vs #URUGUAY

#FIFAWorldCup #Qatar2022
#VamosArgentina #SeleccionArgentina #Argentina #SeleccionMayor #QatarWorldCup2022 #Qatar #Doha #AbuDabi #Fifa #GirlsSoccer #BoddiesSoccer https://t.co/mgruTvBnPt"
27,"@UCL_ARAB ğŸ‡¨ğŸ‡² #CAMERUM vs #SERBIAğŸ‡·ğŸ‡¸
ğŸ‡°ğŸ‡· #KOREADELSUR vs #GHANAğŸ‡¬ğŸ‡­
ğŸ‡§ğŸ‡· #BRAZIL vs #SWITZERLANDğŸ‡¨ğŸ‡­
ğŸ‡µğŸ‡¹ #PORTUGAL vs #URUGUAY

#FIFAWorldCup #Qatar2022
#VamosArgentina #SeleccionArgentina #Argentina #SeleccionMayor #QatarWorldCup2022 #Qatar #Doha #AbuDabi #Fifa #GirlsSoccer #BoddiesSoccer https://t.co/MGvAKbKPNB"
28,"@QNAEnglish ğŸ‡¨ğŸ‡² #CAMERUM vs #SERBIAğŸ‡·ğŸ‡¸
ğŸ‡°ğŸ‡· #KOREADELSUR vs #GHANAğŸ‡¬ğŸ‡­
ğŸ‡§ğŸ‡· #BRAZIL vs #SWITZERLANDğŸ‡¨ğŸ‡­
ğŸ‡µğŸ‡¹ #PORTUGAL vs #URUGUAY

#FIFAWorldCup #Qatar2022
#VamosArgentina #SeleccionArgentina #Argentina #SeleccionMayor #QatarWorldCup2022 #Qatar #Doha #AbuDabi #Fifa #GirlsSoccer #BoddiesSoccer https://t.co/Z6ETQUPtPI"
29,"@AFPespanol ğŸ‡¨ğŸ‡² #CAMERUM vs #SERBIAğŸ‡·ğŸ‡¸
ğŸ‡°ğŸ‡· #KOREADELSUR vs #GHANAğŸ‡¬ğŸ‡­
ğŸ‡§ğŸ‡· #BRAZIL vs #SWITZERLANDğŸ‡¨ğŸ‡­
ğŸ‡µğŸ‡¹ #PORTUGAL vs #URUGUAY

#FIFAWorldCup #Qatar2022
#VamosArgentina #mexicoargentina #SeleccionArgentina #ArgentinavsMexico #Argentina #SeleccionMayor #QatarWorldCup2022 #Qatar #Doha #AbuDabi #Fifa https://t.co/fC2fTfAO9m"
30,"@rdz_villasenor @MisterHuevitos @miseleccionmx @SaudiNT_EN ğŸ‡¨ğŸ‡² #CAMERUM vs #SERBIAğŸ‡·ğŸ‡¸
ğŸ‡°ğŸ‡· #KOREADELSUR vs #GHANAğŸ‡¬ğŸ‡­
ğŸ‡§ğŸ‡· #BRAZIL vs #SWITZERLANDğŸ‡¨ğŸ‡­
ğŸ‡µğŸ‡¹ #PORTUGAL vs #URUGUAY

#FIFAWorldCup #Qatar2022
#VamosArgentina #mexicoargentina #SeleccionArgentina #ArgentinavsMexico #Argentina #SeleccionMayor #QatarWorldCup2022 #Qatar #Doha #AbuDhabi #Fifa https://t.co/6XMKt6xhoo"
31,"@moow2earn @FEFecuador @FootballSenegal @OnsOranje @QFA @TeamMelliIran @USMNT @Cymru @England ğŸ‡¨ğŸ‡² #CAMERUM vs #SERBIAğŸ‡·ğŸ‡¸
ğŸ‡°ğŸ‡· #KOREADELSUR vs #GHANAğŸ‡¬ğŸ‡­
ğŸ‡§ğŸ‡· #BRASIL vs #SUIZAğŸ‡¨ğŸ‡­ 
ğŸ‡µğŸ‡¹ #PORTUGAL vs #URUGUAY

#FIFAWorldCupÂ Â #Qatar2022Â Â 
#VamosArgentina #mexicoargentina #SeleccionArgentina #ArgentinavsMexico #Argentina #SeleccionMayor #QatarWorldCup2022 #Qatar #Doha #AbuDabi #Fifa https://t.co/uf2vzTn1Ds"
32,"@MadridSports_ @vinijr @RodrygoGoes @edermilitao @fedeevalverde ğŸ‡¨ğŸ‡² #CAMERUM vs #SERBIAğŸ‡·ğŸ‡¸
ğŸ‡°ğŸ‡· #KOREADELSUR vs #GHANAğŸ‡¬ğŸ‡­
ğŸ‡§ğŸ‡· #BRAZIL vs #SWITZERLANDğŸ‡¨ğŸ‡­
ğŸ‡µğŸ‡¹ #PORTUGAL vs #URUGUAY

#FIFAWorldCup #Qatar2022
#VamosArgentina #mexicoargentina #SeleccionArgentina #ArgentinavsMexico #Argentina #SeleccionMayor #QatarWorldCup2022 #Qatar #Doha #AbuDabi #Fifa https://t.co/4z08ci9UIz"
33,"@sudanalytics_ Unbelievable crowd to watch Argentina-Mexico match at Dhaka University,Bangladesh. ğŸ‡§ğŸ‡©ğŸ’™ğŸ‡¦ğŸ‡·

#SelecciÃ³nmayor ğŸ«¶ğŸ¤Ÿ
#Albicelestaforever ğŸ‡§ğŸ‡©ğŸ’™ğŸ‡¦ğŸ‡·
#VamosArgentina âœŠğŸ’ª
#MexicoVsArgentina #Messiğ“ƒµ #WorldCup #Argentina #GOATğ“ƒµ #Bangladesh #WorldcupQatar2022 #Qatar2022 https://t.co/7gfFBUGtcJ"
34,"We are not going to give up.ğŸ¤™
We are Argentina.ğŸ‡¦ğŸ‡·ğŸ’ª

#SelecciÃ³nmayor ğŸ«¶ğŸ¤Ÿ
#Albicelestaforever ğŸ‡§ğŸ‡©ğŸ’™ğŸ‡¦ğŸ‡·
#VamosArgentina âœŠğŸ’ª

#WorldCup2022 #Messi #Argentina #Maradona #LeoMessi #GOATğ“ƒµ #football #FIFAWorldCup #Qatar2022 #Barcelona #Barca https://t.co/Si5UQ6zP69"
35,"@dataref_ar Unbelievable crowd to watch Argentina-Mexico match at Dhaka University,Bangladesh. ğŸ‡§ğŸ‡©ğŸ’™ğŸ‡¦ğŸ‡·

#SelecciÃ³nmayor ğŸ«¶ğŸ¤Ÿ
#Albicelestaforever ğŸ‡§ğŸ‡©ğŸ’™ğŸ‡¦ğŸ‡·
#VamosArgentina âœŠğŸ’ª
#MexicoVsArgentina #Messiğ“ƒµ #WorldCup #Argentina #GOATğ“ƒµ #Bangladesh #WorldcupQatar2022 #Qatar2022 https://t.co/06bL036MQn"
36,"@DiarioOle @SobugMessi10jr Unbelievable crowd to watch Argentina-Mexico match at Dhaka University,Bangladesh. ğŸ‡§ğŸ‡©ğŸ’™ğŸ‡¦ğŸ‡·

#SelecciÃ³nmayor ğŸ«¶ğŸ¤Ÿ
#Albicelestaforever ğŸ‡§ğŸ‡©ğŸ’™ğŸ‡¦ğŸ‡·
#VamosArgentina âœŠğŸ’ª
#MexicoVsArgentina #Messiğ“ƒµ #WorldCup #Argentina #GOATğ“ƒµ #Bangladesh #WorldcupQatar2022 #Qatar2022 https://t.co/eiM8I6k9eU"
37,"@ESPNFC @SobugMessi10jr Unbelievable crowd to watch Argentina-Mexico match at Dhaka University,Bangladesh. ğŸ‡§ğŸ‡©ğŸ’™ğŸ‡¦ğŸ‡·

#SelecciÃ³nmayor ğŸ«¶ğŸ¤Ÿ
#Albicelestaforever ğŸ‡§ğŸ‡©ğŸ’™ğŸ‡¦ğŸ‡·
#VamosArgentina âœŠğŸ’ª
#MexicoVsArgentina #Messiğ“ƒµ #WorldCup #Argentina #GOATğ“ƒµ #Bangladesh #WorldcupQatar2022 #Qatar2022 https://t.co/bqnJmEjY7s"
38,"#SelecciÃ³nMayor What a relief, right?! ğŸ˜… ğŸ’ªğŸ½

Well, here we are already thinking about what is coming. Tucked in and united.

#TodosJuntos https://t.co/48GSYZdnrJ"
39,"LEYENDA ğŸ†

#lionelmessi #leomessi #messi #LM10 #argentina #selecciÃ³nmayor #todosjuntos #adidas #adidasfootball #impossibleisnothing #fifaworldcup #worldcup2022 #qatar2022 #worldcup #smsports ğŸ‡¦ğŸ‡· https://t.co/LmlczCLwi2"
40,"#SelecciÃ³nMayor New day at the office! ğŸ˜

Let's go guys! ğŸ’ªğŸ‡¦ğŸ‡·

#All together

ğŸ“ https://t.co/pEBrIKPrO9 https://t.co/SqE8vB4bI0"
41,"@candy_pepper ğŸ‡¨ğŸ‡² #CAMERUM vs #SERBIAğŸ‡·ğŸ‡¸
ğŸ‡°ğŸ‡· #KOREADELSUR vs #GHANAğŸ‡¬ğŸ‡­
ğŸ‡§ğŸ‡· #BRAZIL vs #SWITZERLANDğŸ‡¨ğŸ‡­
ğŸ‡µğŸ‡¹ #PORTUGAL vs #URUGUAY

#FIFAWorldCup #Qatar2022
#VamosArgentina #SeleccionArgentina #Argentina #SeleccionMayor #QatarWorldCup2022 #Qatar #Doha #AbuDabi #Fifa #GirlsSoccer #BoddiesSoccer https://t.co/Ln7doBn4Z5"
42,"@Ridotto_Nordic @ridotto_io ğŸ‡¨ğŸ‡² #CAMERUM vs #SERBIAğŸ‡·ğŸ‡¸
ğŸ‡°ğŸ‡· #KOREADELSUR vs #GHANAğŸ‡¬ğŸ‡­
ğŸ‡§ğŸ‡· #BRAZIL vs #SWITZERLANDğŸ‡¨ğŸ‡­
ğŸ‡µğŸ‡¹ #PORTUGAL vs #URUGUAY

#FIFAWorldCup #Qatar2022
#VamosArgentina #SeleccionArgentina #Argentina #SeleccionMayor #QatarWorldCup2022 #Qatar #Doha #AbuDabi #Fifa #GirlsSoccer #BoddiesSoccer https://t.co/FmxGnVk8ys"
43,"@El_Malque ğŸ‡¨ğŸ‡² #CAMERUM vs #SERBIAğŸ‡·ğŸ‡¸
ğŸ‡°ğŸ‡· #KOREADELSUR vs #GHANAğŸ‡¬ğŸ‡­
ğŸ‡§ğŸ‡· #BRAZIL vs #SWITZERLANDğŸ‡¨ğŸ‡­
ğŸ‡µğŸ‡¹ #PORTUGAL vs #URUGUAY

#FIFAWorldCup #Qatar2022
#VamosArgentina #SeleccionArgentina #Argentina #SeleccionMayor #QatarWorldCup2022 #Qatar #Doha #AbuDabi #Fifa #GirlsSoccer #BoddiesSoccer https://t.co/O7u4zvKJun"
44,"@CMonteroOficial ğŸ‡¨ğŸ‡² #CAMERUM vs #SERBIAğŸ‡·ğŸ‡¸
ğŸ‡°ğŸ‡· #KOREADELSUR vs #GHANAğŸ‡¬ğŸ‡­
ğŸ‡§ğŸ‡· #BRAZIL vs #SWITZERLANDğŸ‡¨ğŸ‡­
ğŸ‡µğŸ‡¹ #PORTUGAL vs #URUGUAY

#FIFAWorldCup #Qatar2022
#VamosArgentina #SeleccionArgentina #Argentina #SeleccionMayor #QatarWorldCup2022 #Qatar #Doha #AbuDabi #Fifa #GirlsSoccer #BoddiesSoccer https://t.co/mgruTvBnPt"
45,"@UCL_ARAB ğŸ‡¨ğŸ‡² #CAMERUM vs #SERBIAğŸ‡·ğŸ‡¸
ğŸ‡°ğŸ‡· #KOREADELSUR vs #GHANAğŸ‡¬ğŸ‡­
ğŸ‡§ğŸ‡· #BRAZIL vs #SWITZERLANDğŸ‡¨ğŸ‡­
ğŸ‡µğŸ‡¹ #PORTUGAL vs #URUGUAY

#FIFAWorldCup #Qatar2022
#VamosArgentina #SeleccionArgentina #Argentina #SeleccionMayor #QatarWorldCup2022 #Qatar #Doha #AbuDabi #Fifa #GirlsSoccer #BoddiesSoccer https://t.co/MGvAKbKPNB"
46,"@QNAEnglish ğŸ‡¨ğŸ‡² #CAMERUM vs #SERBIAğŸ‡·ğŸ‡¸
ğŸ‡°ğŸ‡· #KOREADELSUR vs #GHANAğŸ‡¬ğŸ‡­
ğŸ‡§ğŸ‡· #BRAZIL vs #SWITZERLANDğŸ‡¨ğŸ‡­
ğŸ‡µğŸ‡¹ #PORTUGAL vs #URUGUAY

#FIFAWorldCup #Qatar2022
#VamosArgentina #SeleccionArgentina #Argentina #SeleccionMayor #QatarWorldCup2022 #Qatar #Doha #AbuDabi #Fifa #GirlsSoccer #BoddiesSoccer https://t.co/Z6ETQUPtPI"
47,"@AFPespanol ğŸ‡¨ğŸ‡² #CAMERUM vs #SERBIAğŸ‡·ğŸ‡¸
ğŸ‡°ğŸ‡· #KOREADELSUR vs #GHANAğŸ‡¬ğŸ‡­
ğŸ‡§ğŸ‡· #BRAZIL vs #SWITZERLANDğŸ‡¨ğŸ‡­
ğŸ‡µğŸ‡¹ #PORTUGAL vs #URUGUAY

#FIFAWorldCup #Qatar2022
#VamosArgentina #mexicoargentina #SeleccionArgentina #ArgentinavsMexico #Argentina #SeleccionMayor #QatarWorldCup2022 #Qatar #Doha #AbuDabi #Fifa https://t.co/fC2fTfAO9m"
48,"@rdz_villasenor @MisterHuevitos @miseleccionmx @SaudiNT_EN ğŸ‡¨ğŸ‡² #CAMERUM vs #SERBIAğŸ‡·ğŸ‡¸
ğŸ‡°ğŸ‡· #KOREADELSUR vs #GHANAğŸ‡¬ğŸ‡­
ğŸ‡§ğŸ‡· #BRAZIL vs #SWITZERLANDğŸ‡¨ğŸ‡­
ğŸ‡µğŸ‡¹ #PORTUGAL vs #URUGUAY

#FIFAWorldCup #Qatar2022
#VamosArgentina #mexicoargentina #SeleccionArgentina #ArgentinavsMexico #Argentina #SeleccionMayor #QatarWorldCup2022 #Qatar #Doha #AbuDhabi #Fifa https://t.co/6XMKt6xhoo"
49,"@moow2earn @FEFecuador @FootballSenegal @OnsOranje @QFA @TeamMelliIran @USMNT @Cymru @England ğŸ‡¨ğŸ‡² #CAMERUM vs #SERBIAğŸ‡·ğŸ‡¸
ğŸ‡°ğŸ‡· #KOREADELSUR vs #GHANAğŸ‡¬ğŸ‡­
ğŸ‡§ğŸ‡· #BRASIL vs #SUIZAğŸ‡¨ğŸ‡­ 
ğŸ‡µğŸ‡¹ #PORTUGAL vs #URUGUAY

#FIFAWorldCupÂ Â #Qatar2022Â Â 
#VamosArgentina #mexicoargentina #SeleccionArgentina #ArgentinavsMexico #Argentina #SeleccionMayor #QatarWorldCup2022 #Qatar #Doha #AbuDabi #Fifa https://t.co/uf2vzTn1Ds"
50,"@MadridSports_ @vinijr @RodrygoGoes @edermilitao @fedeevalverde ğŸ‡¨ğŸ‡² #CAMERUM vs #SERBIAğŸ‡·ğŸ‡¸
ğŸ‡°ğŸ‡· #KOREADELSUR vs #GHANAğŸ‡¬ğŸ‡­
ğŸ‡§ğŸ‡· #BRAZIL vs #SWITZERLANDğŸ‡¨ğŸ‡­
ğŸ‡µğŸ‡¹ #PORTUGAL vs #URUGUAY

#FIFAWorldCup #Qatar2022
#VamosArgentina #mexicoargentina #SeleccionArgentina #ArgentinavsMexico #Argentina #SeleccionMayor #QatarWorldCup2022 #Qatar #Doha #AbuDabi #Fifa https://t.co/4z08ci9UIz"
51,"@sudanalytics_ Unbelievable crowd to watch Argentina-Mexico match at Dhaka University,Bangladesh. ğŸ‡§ğŸ‡©ğŸ’™ğŸ‡¦ğŸ‡·

#SelecciÃ³nmayor ğŸ«¶ğŸ¤Ÿ
#Albicelestaforever ğŸ‡§ğŸ‡©ğŸ’™ğŸ‡¦ğŸ‡·
#VamosArgentina âœŠğŸ’ª
#MexicoVsArgentina #Messiğ“ƒµ #WorldCup #Argentina #GOATğ“ƒµ #Bangladesh #WorldcupQatar2022 #Qatar2022 https://t.co/7gfFBUGtcJ"
52,"We are not going to give up.ğŸ¤™
We are Argentina.ğŸ‡¦ğŸ‡·ğŸ’ª

#SelecciÃ³nmayor ğŸ«¶ğŸ¤Ÿ
#Albicelestaforever ğŸ‡§ğŸ‡©ğŸ’™ğŸ‡¦ğŸ‡·
#VamosArgentina âœŠğŸ’ª

#WorldCup2022 #Messi #Argentina #Maradona #LeoMessi #GOATğ“ƒµ #football #FIFAWorldCup #Qatar2022 #Barcelona #Barca https://t.co/Si5UQ6zP69"
53,"@dataref_ar Unbelievable crowd to watch Argentina-Mexico match at Dhaka University,Bangladesh. ğŸ‡§ğŸ‡©ğŸ’™ğŸ‡¦ğŸ‡·

#SelecciÃ³nmayor ğŸ«¶ğŸ¤Ÿ
#Albicelestaforever ğŸ‡§ğŸ‡©ğŸ’™ğŸ‡¦ğŸ‡·
#VamosArgentina âœŠğŸ’ª
#MexicoVsArgentina #Messiğ“ƒµ #WorldCup #Argentina #GOATğ“ƒµ #Bangladesh #WorldcupQatar2022 #Qatar2022 https://t.co/06bL036MQn"
54,"@DiarioOle @SobugMessi10jr Unbelievable crowd to watch Argentina-Mexico match at Dhaka University,Bangladesh. ğŸ‡§ğŸ‡©ğŸ’™ğŸ‡¦ğŸ‡·

#SelecciÃ³nmayor ğŸ«¶ğŸ¤Ÿ
#Albicelestaforever ğŸ‡§ğŸ‡©ğŸ’™ğŸ‡¦ğŸ‡·
#VamosArgentina âœŠğŸ’ª
#MexicoVsArgentina #Messiğ“ƒµ #WorldCup #Argentina #GOATğ“ƒµ #Bangladesh #WorldcupQatar2022 #Qatar2022 https://t.co/eiM8I6k9eU"
55,"@ESPNFC @SobugMessi10jr Unbelievable crowd to watch Argentina-Mexico match at Dhaka University,Bangladesh. ğŸ‡§ğŸ‡©ğŸ’™ğŸ‡¦ğŸ‡·

#SelecciÃ³nmayor ğŸ«¶ğŸ¤Ÿ
#Albicelestaforever ğŸ‡§ğŸ‡©ğŸ’™ğŸ‡¦ğŸ‡·
#VamosArgentina âœŠğŸ’ª
#MexicoVsArgentina #Messiğ“ƒµ #WorldCup #Argentina #GOATğ“ƒµ #Bangladesh #WorldcupQatar2022 #Qatar2022 https://t.co/bqnJmEjY7s"
56,"#SelecciÃ³nMayor What a relief, right?! ğŸ˜… ğŸ’ªğŸ½

Well, here we are already thinking about what is coming. Tucked in and united.

#TodosJuntos https://t.co/48GSYZdnrJ"
57,"LEYENDA ğŸ†

#lionelmessi #leomessi #messi #LM10 #argentina #selecciÃ³nmayor #todosjuntos #adidas #adidasfootball #impossibleisnothing #fifaworldcup #worldcup2022 #qatar2022 #worldcup #smsports ğŸ‡¦ğŸ‡· https://t.co/LmlczCLwi2"
58,"Unbelievable crowd to watch Argentina-Mexico match at Dhaka University,Bangladesh. ğŸ‡§ğŸ‡©ğŸ’™ğŸ‡¦ğŸ‡·

#SelecciÃ³nmayor ğŸ«¶ğŸ¤Ÿ
#Albicelestaforever ğŸ‡§ğŸ‡©ğŸ’™ğŸ‡¦ğŸ‡·
#VamosArgentina âœŠğŸ’ª
#MexicoVsArgentina #Messiğ“ƒµ #WorldCup #Argentina #GOATğ“ƒµ #Bangladesh #WorldcupQatar2022 #Qatar2022 https://t.co/LDxDG3BwWb"
59,#Argentina #Messi #Maradona #Qatar2022 #QatarWorldCup2022 #Qatar2022EsLatina #Messiğ“ƒµ #mexicoargentina #futbol #FIFAWorldCupQatar2022 #FIFAWorldCup #FIFAWorldCup2022 #fyp #foryou #parati #Seleccion #SeleccionMayor #seleccionargentina #love #art https://t.co/nml6PYahQc
60,"#MajorSelection

After yesterday's great victory, today the entire Albiceleste squad is already working at the University of Qatar in #Doha for which they played regenerative jobs

ğŸ¥ Image @Argentina https://t.co/5b0R9FMgeM"
61,"#SelecciÃ³nMayor What a relief, right?! ğŸ˜… ğŸ’ªğŸ½

Well, here we are already thinking about what is coming. Tucked in and united.

#TodosJuntos ğŸ‡¦ğŸ‡· https://t.co/HQ77G7fXq2"
62,"What is your favorite team in the world cup?

#Messiğ“ƒµ #Mundial #MundialQatar2022 #FIFAWorldCup #CopaMundialFIFA #SeleccionMayor https://t.co/FJaPYt7OHj"
63,"@dataref_ar from Bangladesh ğŸ‡¦ğŸ‡·ğŸ’™ğŸ‡§ğŸ‡©

#majorselection ğŸ’ª
#albicelestaforever ğŸ‡§ğŸ‡©ğŸ’™ğŸ‡¦ğŸ‡·
#VamosArgentina âœŠğŸ’ª https://t.co/0uhHD21lfh"
64,#SeleccionMexicana #SeleccionArgentina #SeleccionNacional #SeleccionMayor https://t.co/Prl8l5veUl
65,WE ARE ALL THE CONTAINED EMOTION OF PABLO AIMAR!!! #MexicoVsArgentina #SeleccionMayor #ArgentinavsMexico #PabloAimar #Qatar2022 #Scaloneta #VamosArgentina https://t.co/jdxTdKtDpM
66,"ğŸğŸ‡¦ğŸ‡· ARGENTINA TAKES THE MATCH!!âš½ï¸

ğŸ˜­Mexico will look for a miracle in the last day...

ğŸ“½ Here you can see the Summary!! ğŸ‘‰ https://t.co/DTk6CqL2Tn

âš½|#SoyFutbol8 #Qatar2022 #Mundial2022 #worldcup2022 #Mundial #Catar2022 #ARG #Argentina #SelecciÃ³nMayor #VamosArgentina"
67,"How cute you are Pablito!!!!!
45 million Aimar and all the problems are over !!!!!!!!
https://t.co/2o4LzbECDR #mexicoargentina #WorldcupQatar2022 #Mundial2022 #MundialQatar2022 #SeleccionMayor"
68,"Argentina beats Mexico.
#WorldcupQatar2022 #FIFAWorldCup2022 #Qatar2022 #FIFAWorldCup #FIFAWorldCup2022 #UniversoMundial #Poland #Polska #ARG #MEX #worldcup #CopaMundial #SelecciÃ³nMayor #MÃ©xicoDeMiVida #FMFporNuestroFÃºtbol https://t.co/edlQSH8zpR"
69,"ğŸ† #WorldCup | #Qatar2022

A brilliant finish and an assist by Lionel Messi hands Argentina all three points to move above Saudi Arabia in the Group C standings.

FULL TIME: #ARG 2-0 #MEX

#SelecciÃ³nMayor #MiSeleccionMX https://t.co/BqEmRFopdb"
70,"ğŸ† #WorldCup | #Qatar2022

â° 87' | What a finish by Fernandez to put Argentina 2 goals up!

#ARG 2-0 #MEX

#SelecciÃ³nMayor #MiSeleccionMX https://t.co/nINsmKOuTW"
71,"ğŸ† #WorldCup | #Qatar2022

â° 73' | Lozano makes way for Alvarado.

#ARG 1-0 #MEX

#SelecciÃ³nMayor #MiSeleccionMX https://t.co/59MbPI5BrW"
72,"ğŸ† #WorldCup | #Qatar2022

â° 69' | Di Maria ans Mac Allister replaced by Romero and Palacios.

#ARG 1-0 #MEX

#SelecciÃ³nMayor #MiSeleccionMX https://t.co/sTSx5n7kwx"
73,"ğŸ† #WorldCup | #Qatar2022

â° 67' | Herrera booked.

#ARG 1-0 #MEX

#SelecciÃ³nMayor #MiSeleccionMX https://t.co/7vRH47YdNy"
74,"@SportsCenterBR DRY MORE! ğŸ‡§ğŸ‡·
#FIFA World Cup #SeleccionMayor"
75,"ğŸ† #WorldCup | #Qatar2022

â° 66' | Antuna replaces Vega for Mexico.

#ARG 1-0 #MEX

#SelecciÃ³nMayor #MiSeleccionMX https://t.co/nDb7OBS70F"
76,"Gollll from Argentina ğŸ‡¦ğŸ‡· | GROUP C ğŸ“² Follow the broadcast | ğŸ”´ LIVE! â¤µ

https://t.co/3BauD1DIOS

âš½|#SoyFutbol8 #Qatar2022 #Mundial2022 #worldcup2022 #Mundial #Catar2022 #HechoDeLosMexicanos #Mexico #Mex #VamosMexico #ARG #Argentina #SelecciÃ³nMayor #VamosArgentina"
77,"@geglobo SUCKS dryer! ğŸ‡¦ğŸ‡·ğŸ‡¦ğŸ‡·ğŸ‡¦ğŸ‡·
#FIFA World Cup #SeleccionMayor"
78,"ğŸ† #WorldCup | #Qatar2022

â°64' | Finally Lionel Messi scores!

#ARG 1-0 #MEX

#SelecciÃ³nMayor #MiSeleccionMX https://t.co/qhaJw7uyQb"
79,"ğŸ† #WorldCup | #Qatar2022

â°63' | Double change for Argentina:
Montiel and MArtinez replaced by
Molina and Alvarez.

#ARG 0-0 #MEX

#SelecciÃ³nMayor #MiSeleccionMX https://t.co/noafIt6JXN"
80,"ğŸ† #WorldCup | #Qatar2022

â° 57' | Rodriguez makes way for Fernandez.

#ARG 0-0 #MEX

#SelecciÃ³nMayor #MiSeleccionMX https://t.co/8kiL2gl4ER"
81,"@SANDYRE13 @LuceroMexico Today #Argentina ğŸ‡¦ğŸ‡· vs #Mexico ğŸ‡²ğŸ‡½

#World CupQatar2022
#Mex ï¿¼ ğŸ‡²ğŸ‡½ vs #Arg ï¿¼ ğŸ‡¦ğŸ‡·

#FIFAWorldCup ï¿¼ #Qatar2022 ï¿¼
#VamosArgentina #mexicoargentina #SeleccionArgentina ï¿¼ #ArgentinavsMexico #Argentina #SeleccionMayor #QatarWorldCup2022 #Qatar #Doha #AbuDhabi #Fifa https://t.co/om1jAaIRqG"
82,"@Kamy2208 Today #Argentina ğŸ‡¦ğŸ‡· vs #Mexico ğŸ‡²ğŸ‡½

#World CupQatar2022
#Mex ï¿¼ ğŸ‡²ğŸ‡½ vs #Arg ï¿¼ ğŸ‡¦ğŸ‡·

#FIFAWorldCup ï¿¼ #Qatar2022 ï¿¼
#VamosArgentina #mexicoargentina #SeleccionArgentina ï¿¼ #ArgentinavsMexico #Argentina #SeleccionMayor #QatarWorldCup2022 #Qatar #Doha #AbuDhabi #Fifa https://t.co/5aNJIBc3qg"
83,"@VicFonts Today #Argentina ğŸ‡¦ğŸ‡· vs #Mexico ğŸ‡²ğŸ‡½

#World CupQatar2022
#Mex ï¿¼ ğŸ‡²ğŸ‡½ vs #Arg ï¿¼ ğŸ‡¦ğŸ‡·

#FIFAWorldCup ï¿¼ #Qatar2022 ï¿¼
#VamosArgentina #mexicoargentina #SeleccionArgentina ï¿¼ #ArgentinavsMexico #Argentina #SeleccionMayor #QatarWorldCup2022 #Qatar #Doha #AbuDhabi #Fifa https://t.co/YLkYRpNZe6"
84,#Useless MajorSelection
85,"ğŸ† #WorldCup | #Qatar2022

â° 50' | Gutierrez booked. Free kick for Argentina.

#ARG 0-0 #MEX

#SelecciÃ³nMayor #MiSeleccionMX https://t.co/vQpwUlotLY"
86,"@Gisela_GSC @ESPNArgentina Today #Argentina ğŸ‡¦ğŸ‡· vs #Mexico ğŸ‡²ğŸ‡½

#World CupQatar2022
#Mex ï¿¼ ğŸ‡²ğŸ‡½ vs #Arg ï¿¼ ğŸ‡¦ğŸ‡·

#FIFAWorldCup ï¿¼ #Qatar2022 ï¿¼
#VamosArgentina #mexicoargentina #SeleccionArgentina ï¿¼ #ArgentinavsMexico #Argentina #SeleccionMayor #QatarWorldCup2022 #Qatar #Doha #AbuDabi #Fifa #ArgFans https://t.co/aWRx0nBveV"
87,"ğŸ† #WorldCup | #Qatar2022

â° 46' | Back for the second half.

#ARG 0-0 #MEX

#SelecciÃ³nMayor #MiSeleccionMX"
88,"@xnowaking Today #Argentina ğŸ‡¦ğŸ‡· vs #Mexico ğŸ‡²ğŸ‡½

#World CupQatar2022
#Mex ï¿¼ ğŸ‡²ğŸ‡½ vs #Arg ï¿¼ ğŸ‡¦ğŸ‡·

#FIFAWorldCup ï¿¼ #Qatar2022 ï¿¼
#VamosArgentina #mexicoargentina #SeleccionArgentina ï¿¼ #ArgentinavsMexico #Argentina #SeleccionMayor #QatarWorldCup2022 #Qatar #Doha #AbuDabi #Fifa https://t.co/BBH4L9yjaE"
89,"@Ariadna_0703 Today #Argentina ğŸ‡¦ğŸ‡· vs #Mexico ğŸ‡²ğŸ‡½

#World CupQatar2022
#Mex ï¿¼ ğŸ‡²ğŸ‡½ vs #Arg ï¿¼ ğŸ‡¦ğŸ‡·

#FIFAWorldCup ï¿¼ #Qatar2022 ï¿¼
#VamosArgentina #mexicoargentina #SeleccionArgentina ï¿¼ #ArgentinavsMexico #Argentina #SeleccionMayor #QatarWorldCup2022 #Qatar #Doha #AbuDabi #Fifa https://t.co/YDYDPoezUV"
90,"@DanannOficial Today #Argentina ğŸ‡¦ğŸ‡· vs #Mexico ğŸ‡²ğŸ‡½

#World CupQatar2022
#Mex ï¿¼ ğŸ‡²ğŸ‡½ vs #Arg ï¿¼ ğŸ‡¦ğŸ‡·

#FIFAWorldCup ï¿¼ #Qatar2022 ï¿¼
#VamosArgentina #mexicoargentina #SeleccionArgentinaï¿¼ #ArgentinavsMexico #Argentina #SeleccionMayor #QatarWorldCup2022 #Qatar #Doha #AbuDabi #Fifa #FansArgentinas https://t.co/aLhuRIsPvo"
91,"ğŸ† #WorldCup | #Qatar2022

#ARG and #MEX were goalless at the end of the first half of their Group C clash at an electric Lusail Stadium.

#SelecciÃ³nMayor #MiSeleccionMX https://t.co/OQKTCxx58X"
92,"ğŸ† #WorldCup | #Qatar2022

â° 44' | What a save by Martinez!

#ARG 0-0 #MEX

#SelectionMayor #MySelectionMX"
93,"ğŸ† #WorldCup | #Qatar2022

â° 43' | Montiel booked for a foul on Gutierrez.

#ARG 0-0 #MEX

#SelecciÃ³nMayor #MiSeleccionMX https://t.co/egNnRIAE9e"
94,"ğŸ† #WorldCup | #Qatar2022

â° 41' | Saved makes way for Gutierrez.

#ARG 0-0 #MEX

#SelecciÃ³nMayor #MiSeleccionMX https://t.co/EC2JF4H4r4"
95,"#Argentina vs #Mexico Full Match & #Highlights #Replay #FIFAWorldCup November 26, 2022 #Qatar2022 #WorldCup2022 #ARGMEX #VamosArgentina #MÃ©xicoDeMiVida #SelecciÃ³nMayor #TodosJuntos #ARG #MEX https://t.co/mlCgfrx8eR"
96,"@vikinga_parana Today #Argentina ğŸ‡¦ğŸ‡· vs #Mexico ğŸ‡²ğŸ‡½

#World CupQatar2022
#Mex ğŸ‡²ğŸ‡½ vs #Arg ğŸ‡¦ğŸ‡·

#FIFAWorldCup #Qatar2022
#VamosArgentina #mexicoargentina #SeleccionArgentina #ArgentinavsMexico #Argentina #SeleccionMayor #QatarWorldCup2022 #Qatar #Doha #AbuDabi #Fifa #FansArgentinas #fansArgentinos https://t.co/JxF80BTX04"
97,"@alberto_velde @Bull_Spotter @BlindadoGrupo1 @mcmarlyncris @miriamvemdq @bibiana1979fede @JaggerNievas @maria_korn @juantorero7777 @JuanitoDe10 @xmasrepublica @BullrichmaniaMe @PEPE1ARGENTO @CarralJara @furno_eva @baticuevaok @joseluisrey23 @JosGerm72 @jorge41por100 @England Hoy #Argentina ğŸ‡¦ğŸ‡· vs #MÃ©xico ğŸ‡²ğŸ‡½

#World CupQatar2022
#Mex ğŸ‡²ğŸ‡½ vs #Arg ğŸ‡¦ğŸ‡·

#FIFAWorldCup #Qatar2022
#VamosArgentina #mexicoargentina #SeleccionArgentina #ArgentinavsMexico #Argentina #SeleccionMayor #QatarWorldCup2022 #Qatar #Doha #AbuDabi #Fifa #FansArgentinas #fansArgentinos https://t.co/jC2ZmE3CjJ"
98,"@mayumiguillen Today #Argentina ğŸ‡¦ğŸ‡· vs #Mexico ğŸ‡²ğŸ‡½

#World CupQatar2022
#Mex ğŸ‡²ğŸ‡½ vs #Arg ğŸ‡¦ğŸ‡·

#FIFAWorldCup #Qatar2022
#VamosArgentina #mexicoargentina #SeleccionArgentina #ArgentinavsMexico #Argentina #SeleccionMayor #QatarWorldCup2022 #Qatar #Doha #AbuDabi #Fifa #FansArgentinas #fansArgentinos https://t.co/weBe8WqOKW"
99,"ğŸ† #WorldCup | #Qatar2022

â° 22' | Araujo booked for a foul on Acuna.

#ARG 0-0 #MEX

#SelecciÃ³nMayor #MiSeleccionMX https://t.co/7uYEOnRS3C"
100,"@batmaniano Today #Argentina ğŸ‡¦ğŸ‡· vs #Mexico ğŸ‡²ğŸ‡½

#World CupQatar2022
#Mex ğŸ‡²ğŸ‡½ vs #Arg ğŸ‡¦ğŸ‡·

#FIFAWorldCup #Qatar2022
#VamosArgentina #mexicoargentina #SeleccionArgentina #ArgentinavsMexico #Argentina #SeleccionMayor #QatarWorldCup2022 #Qatar #Doha #AbuDabi #Fifa #FansArgentinas #fansArgentinos https://t.co/e0N7rgHNUF"
101,"@cividaniz Today #Argentina ğŸ‡¦ğŸ‡· vs #Mexico ğŸ‡²ğŸ‡½

#World CupQatar2022
#Mex ğŸ‡²ğŸ‡½ vs #Arg ğŸ‡¦ğŸ‡·

#FIFAWorldCup #Qatar2022
#VamosArgentina #mexicoargentina #SeleccionArgentina #ArgentinavsMexico #Argentina #SeleccionMayor #QatarWorldCup2022 #Qatar #Doha #AbuDabi #Fifa #FansArgentinas #fansArgentinos https://t.co/Nx1iDGfFyV"
102,"@McDonalds_Ar Today #Argentina ğŸ‡¦ğŸ‡· vs #Mexico ğŸ‡²ğŸ‡½

#World CupQatar2022
#Mex ğŸ‡²ğŸ‡½ vs #Arg ğŸ‡¦ğŸ‡·

#FIFAWorldCup #Qatar2022
#VamosArgentina #mexicoargentina #SeleccionArgentina #ArgentinavsMexico #Argentina #SeleccionMayor #QatarWorldCup2022 #Qatar #Doha #AbuDabi #Fifa #FansArgentinas #fansArgentinos https://t.co/D5PCjb8MoE"
103,"ğŸ† #WorldCup | #Qatar2022

â° 17' | Argentina currently hold 63% of ball possession.

#ARG 0-0 #MEX

#SelecciÃ³nMayor #MiSeleccionMX"
104,"@AADIL44144 Today #Argentina ğŸ‡¦ğŸ‡· vs #Mexico ğŸ‡²ğŸ‡½

#World CupQatar2022
#Mex ğŸ‡²ğŸ‡½ vs #Arg ğŸ‡¦ğŸ‡·

#FIFAWorldCup #Qatar2022
#VamosArgentina #mexicoargentina #SeleccionArgentina #ArgentinavsMexico #Argentina #SeleccionMayor #QatarWorldCup2022 #Qatar #Doha #AbuDabi #Fifa #FansArgentinas #fansArgentinos https://t.co/OL64UXTCoB"
105,"@LondonVivis Today #Argentina ğŸ‡¦ğŸ‡· vs #Mexico ğŸ‡²ğŸ‡½

#World CupQatar2022
#Mex ğŸ‡²ğŸ‡½ vs #Arg ğŸ‡¦ğŸ‡·

#FIFAWorldCup #Qatar2022
#VamosArgentina #mexicoargentina #SeleccionArgentina #ArgentinavsMexico #Argentina #SeleccionMayor #QatarWorldCup2022 #Qatar #Doha #AbuDabi #Fifa #FansArgentinas #fansArgentinos https://t.co/QtCSgdeobr"
106,"ğŸ† #WorldCup | #Qatar2022

â° 14' | Handball, free kick to Argentina.

#ARG 0-0 #MEX

#SelectionMayor #MySelectionMX"
107,"@Nane_Fernanda Today #Argentina ğŸ‡¦ğŸ‡· vs #Mexico ğŸ‡²ğŸ‡½

#World CupQatar2022
#Mex ğŸ‡²ğŸ‡½ vs #Arg ğŸ‡¦ğŸ‡·

#FIFAWorldCup #Qatar2022
#VamosArgentina #mexicoargentina #SeleccionArgentina #ArgentinavsMexico #Argentina #SeleccionMayor #QatarWorldCup2022 #Qatar #Doha #AbuDabi #Fifa #FansArgentinas #fansArgentinos https://t.co/umLuzqEb2J"
108,"@av_alphonso Today #Argentina ğŸ‡¦ğŸ‡· vs #Mexico ğŸ‡²ğŸ‡½

#World CupQatar2022
#Mex ğŸ‡²ğŸ‡½ vs #Arg ğŸ‡¦ğŸ‡·

#FIFAWorldCup #Qatar2022
#VamosArgentina #mexicoargentina #SeleccionArgentina #ArgentinavsMexico #Argentina #SeleccionMayor #QatarWorldCup2022 #Qatar #Doha #AbuDabi #Fifa #FansArgentinas #fansArgentinos https://t.co/NeQvWcwa6P"
109,"@haladanitiny Today #Argentina ğŸ‡¦ğŸ‡· vs #Mexico ğŸ‡²ğŸ‡½

#World CupQatar2022
#Mex ğŸ‡²ğŸ‡½ vs #Arg ğŸ‡¦ğŸ‡·

#FIFAWorldCup #Qatar2022
#VamosArgentina #mexicoargentina #SeleccionArgentina #ArgentinavsMexico #Argentina #SeleccionMayor #QatarWorldCup2022 #Qatar #Doha #AbuDabi #Fifa #FansArgentinas #fansArgentinos https://t.co/J5d5DL3QRA"
110,"ğŸ† #WorldCup | #Qatar2022

â° 09' | Hirving Lozano wins a free kick.

#ARG 0-0 #MEX

#SelectionMayor #MySelectionMX"
111,"ğŸ‡¦ğŸ‡· Argentina vs Mexico ğŸ‡²ğŸ‡½ ğŸ”„ Share please ğŸ™ğŸ»

ğŸ”´Live!ğŸ“±ğŸ‘‰ https://t.co/OOfTwHwPLa

âš½|#SoyFutbol8 #Qatar2022 #Mundial2022 #worldcup2022 #Mundial #Catar2022 #HechoDeLosMexicanos #Mexico #Mex #VamosMexico #ARG #Argentina #SelecciÃ³nMayor #VamosArgentina"
112,"ğŸ† #WorldCup | #Qatar2022

â° 08' | Mexico earn the first corner of the game.

#ARGMEX 0-0

#SelecciÃ³nMayor #MiSeleccionMX"
113,"ğŸ† #WorldCup | #Qatar2022

â° 06' | Montiel is currently receiving treatment on the pitch.

#ARGMEX 0-0

#SelecciÃ³nMayor #MiSeleccionMX"
114,"@la12tuittera Today #Argentina ğŸ‡¦ğŸ‡· vs #Mexico ğŸ‡²ğŸ‡½

#World CupQatar2022
#Mex ğŸ‡²ğŸ‡½ vs #Arg ğŸ‡¦ğŸ‡·

#FIFAWorldCup #Qatar2022
#VamosArgentina #mexicoargentina #SeleccionArgentina #ArgentinavsMexico #Argentina #SeleccionMayor #QatarWorldCup2022 #Qatar #Doha #AbuDabi #Fifa #FansArgentinas #fansArgentinos https://t.co/5DQLi5SH73"
115,"ğŸ† #WorldCup | #Qatar2022

â° 05' | Vega fouled Montiel.

#ARGMEX 0-0

#SelectionMayor #MySelectionMX"
116,"ğŸ† #WorldCup | #Qatar2022

â° 05' | Free kick to Argentina.

#ARGMEX 0-0

#SelectionMayor #MySelectionMX"
117,"@meuger Today #Argentina ğŸ‡¦ğŸ‡· vs #Mexico ğŸ‡²ğŸ‡½

#World CupQatar2022
#Mex ğŸ‡²ğŸ‡½ vs #Arg ğŸ‡¦ğŸ‡·

#FIFAWorldCup #Qatar2022
#VamosArgentina #mexicoargentina #SeleccionArgentina #ArgentinavsMexico #Argentina #SeleccionMayor #QatarWorldCup2022 #Qatar #Doha #AbuDabi #Fifa #FansArgentinas #fansArgentinos https://t.co/7waAArTLwE"
118,"@XRX015 Today #Argentina ğŸ‡¦ğŸ‡· vs #Mexico ğŸ‡²ğŸ‡½

#World CupQatar2022
#Mex ğŸ‡²ğŸ‡½ vs #Arg ğŸ‡¦ğŸ‡·

#FIFAWorldCup #Qatar2022
#VamosArgentina #mexicoargentina #SeleccionArgentina #ArgentinavsMexico #Argentina #SeleccionMayor #QatarWorldCup2022 #Qatar #Doha #AbuDabi #Fifa #FansArgentinas #fansArgentinos https://t.co/nxomFzrwWm"
119,"@silvanitatomdp Today #Argentina ğŸ‡¦ğŸ‡· vs #Mexico ğŸ‡²ğŸ‡½

#World CupQatar2022
#Mex ğŸ‡²ğŸ‡½ vs #Arg ğŸ‡¦ğŸ‡·

#FIFAWorldCup #Qatar2022
#VamosArgentina #mexicoargentina #SeleccionArgentina #ArgentinavsMexico #Argentina #SeleccionMayor #QatarWorldCup2022 #Qatar #Doha #AbuDabi #Fifa #FansArgentinas #fansArgentinos https://t.co/NvIFCxEwGV"
120,"@aledespa @Ojo_Kritico @HeumanAdrian @TyCSports Today #Argentina ğŸ‡¦ğŸ‡· vs #Mexico ğŸ‡²ğŸ‡½

#World CupQatar2022
#Mex ğŸ‡²ğŸ‡½ vs #Arg ğŸ‡¦ğŸ‡·

#FIFAWorldCup #Qatar2022
#VamosArgentina #mexicoargentina #SeleccionArgentina #ArgentinavsMexico #Argentina #SeleccionMayor #QatarWorldCup2022 #Qatar #Doha #AbuDabi #Fifa #FansArgentinas #fansArgentinos https://t.co/ti2Q0tljD8"
121,"@BosterosDeLey Today #Argentina ğŸ‡¦ğŸ‡· vs #Mexico ğŸ‡²ğŸ‡½

#World CupQatar2022
#Mex ğŸ‡²ğŸ‡½ vs #Arg ğŸ‡¦ğŸ‡·

#FIFAWorldCup #Qatar2022
#VamosArgentina #mexicoargentina #SeleccionArgentina #ArgentinavsMexico #Argentina #SeleccionMayor #QatarWorldCup2022 #Qatar #Doha #AbuDabi #Fifa #FansArgentinas #fansArgentinos https://t.co/FNQ5k4XOk7"
122,"ğŸ† #WorldCup | #Qatar2022

â° 01' | Mexico have made the kick off.

#ARGMEX 0-0

#SelecciÃ³nMayor #MiSeleccionMX"
123,"@Lm10Messista Today #Argentina ğŸ‡¦ğŸ‡· vs #Mexico ğŸ‡²ğŸ‡½

#World CupQatar2022
#Mex ğŸ‡²ğŸ‡½ vs #Arg ğŸ‡¦ğŸ‡·

#FIFAWorldCup #Qatar2022
#VamosArgentina #mexicoargentina #SeleccionArgentina #ArgentinavsMexico #Argentina #SeleccionMayor #QatarWorldCup2022 #Qatar #Doha #AbuDabi #Fifa #FansArgentinas #fansArgentinos https://t.co/OQJmfwPFLH"
124,"Start of the match Argentina - Mexico.
#WorldcupQatar2022 #FIFAWorldCup2022 #Qatar2022 #FIFAWorldCup #FIFAWorldCup2022 #UniversoMundial #Poland #Polska #ARG #MEX #worldcup #CopaMundial #SelecciÃ³nMayor #MÃ©xicoDeMiVida #FMFporNuestroFÃºtbol https://t.co/dAeB7H4n8G"
125,"@hacecomunidad @MorenoVuelve Today #Argentina ğŸ‡¦ğŸ‡· vs #Mexico ğŸ‡²ğŸ‡½

#World CupQatar2022
#Mex ğŸ‡²ğŸ‡½ vs #Arg ğŸ‡¦ğŸ‡·

#FIFAWorldCup #Qatar2022
#VamosArgentina #mexicoargentina #SeleccionArgentina #ArgentinavsMexico #Argentina #SeleccionMayor #QatarWorldCup2022 #Qatar #Doha #AbuDabi #Fifa #FansArgentinas #fansArgentinos https://t.co/tiDFYkf55Q"
126,"@mayumiguillen Today #Argentina ğŸ‡¦ğŸ‡· vs #Mexico ğŸ‡²ğŸ‡½

#World CupQatar2022
#Mex ğŸ‡²ğŸ‡½ vs #Arg ğŸ‡¦ğŸ‡·

#FIFAWorldCup #Qatar2022
#VamosArgentina #mexicoargentina #SeleccionArgentina #ArgentinavsMexico #Argentina #SeleccionMayor #QatarWorldCup2022 #Qatar #Doha #AbuDabi #Fifa #FansArgentinas #fansArgentinos https://t.co/aRBQKdn4hd"
127,"ğŸ† #WorldCup | #Qatar2022

READY TO START: The teams line up before kick-off, we're nearly ready to get under way on Lusail. 

#SelecciÃ³nMayor #MiSeleccionMX"
128,"ğŸ‡¦ğŸ‡· Argentina vs Mexico ğŸ‡²ğŸ‡½ ğŸ”„ Share please ğŸ™ğŸ»

ğŸ”´Live ğŸ“±FreeğŸ‘‰ https://t.co/iZqbNr6dtT

âš½|#SoyFutbol8 #Qatar2022 #Mundial2022 #worldcup2022 #Mundial #Catar2022 #HechoDeLosMexicanos #Mexico #Mex #VamosMexico #ARG #Argentina #SelecciÃ³nMayor #VamosArgentina"
129,"ğŸ‡¦ğŸ‡· Argentina vs Mexico ğŸ‡²ğŸ‡½ ğŸ”„ Share please ğŸ™ğŸ»

ğŸ”´Live!ğŸ“±ğŸ‘‰ https://t.co/3BauD1DIOS

âš½|#SoyFutbol8 #Qatar2022 #Mundial2022 #worldcup2022 #Mundial #Catar2022 #HechoDeLosMexicanos #Mexico #Mex #VamosMexico #ARG #Argentina #SelecciÃ³nMayor #VamosArgentina"
130,"@DEBORAHKAHAN1 Today #Argentina ğŸ‡¦ğŸ‡· vs #Mexico ğŸ‡²ğŸ‡½

#World CupQatar2022
#Mex ğŸ‡²ğŸ‡½ vs #Arg ğŸ‡¦ğŸ‡·

#FIFAWorldCup #Qatar2022
#VamosArgentina #mexicoargentina #SeleccionArgentina #ArgentinavsMexico #Argentina #SeleccionMayor #QatarWorldCup2022 #Qatar #Doha #AbuDabi #Fifa #FansArgentinas #fansArgentinos https://t.co/si2I5TA2nK"
131,"@RebbeccaDo1o Oh God, let me know and I'll take a photo and add you to my TikTok

Today #Argentina ğŸ‡¦ğŸ‡· vs #Mexico ğŸ‡²ğŸ‡½

#World CupQatar2022
#Mex ğŸ‡²ğŸ‡½ vs #Arg ğŸ‡¦ğŸ‡·

#FIFAWorldCup #Qatar2022
#VamosArgentina #mexicoargentina #SeleccionArgentina #ArgentinavsMexico #Argentina #SeleccionMayor #QatarWorld https://t.co/j2uM9JZ2Ja"
132,"@ReinesMistery Today #Argentina ğŸ‡¦ğŸ‡· vs #Mexico ğŸ‡²ğŸ‡½

#World CupQatar2022
#Mex ğŸ‡²ğŸ‡½ vs #Arg ğŸ‡¦ğŸ‡·

#FIFAWorldCup #Qatar2022
#VamosArgentina #mexicoargentina #SeleccionArgentina #ArgentinavsMexico #Argentina #SeleccionMayor #QatarWorldCup2022 #Qatar #Doha #AbuDabi #Fifa #FansArgentinas #fansArgentinos https://t.co/tS81rXWveR"
133,"@Nikytha_ahtykiN Today #Argentina ğŸ‡¦ğŸ‡· vs #Mexico ğŸ‡²ğŸ‡½

#World CupQatar2022
#Mex ğŸ‡²ğŸ‡½ vs #Arg ğŸ‡¦ğŸ‡·

#FIFAWorldCup #Qatar2022
#VamosArgentina #mexicoargentina #SeleccionArgentina #ArgentinavsMexico #Argentina #SeleccionMayor #QatarWorldCup2022 #Qatar #Doha #AbuDabi #Fifa #FansArgentinas #fansArgentinos https://t.co/MBHbMcHIDa"
134,"@scr_78 Today #Argentina ğŸ‡¦ğŸ‡· vs #Mexico ğŸ‡²ğŸ‡½

#World CupQatar2022
#Mex ğŸ‡²ğŸ‡½ vs #Arg ğŸ‡¦ğŸ‡·

#FIFAWorldCup #Qatar2022
#VamosArgentina #mexicoargentina #SeleccionArgentina #ArgentinavsMexico #Argentina #SeleccionMayor #QatarWorldCup2022 #Qatar #Doha #AbuDabi #Fifa #FansArgentinas #fansArgentinos https://t.co/tEEPO7Jglx"
135,"@Argentina #Qatar2022

#MajorSelection

This is how @Argentina will form ğŸ‡¦ğŸ‡· for the match against #Mexico

#Let's go Argentina
#SeleccionArgentina
#Qatar
#FIFAWorldCup https://t.co/uF94ImDiK2"
136,"@saad7x_ Today #Argentina ğŸ‡¦ğŸ‡· vs #Mexico ğŸ‡²ğŸ‡½

#World CupQatar2022
#Mex ğŸ‡²ğŸ‡½ vs #Arg ğŸ‡¦ğŸ‡·

#FIFAWorldCup #Qatar2022
#VamosArgentina #mexicoargentina #SeleccionArgentina #ArgentinavsMexico #Argentina #SeleccionMayor #QatarWorldCup2022 #Qatar #Doha #AbuDabi #Fifa #FansArgentinas #fansArgentinos https://t.co/uwA4kwqNZd"
137,"@Mohamdinho Today #Argentina ğŸ‡¦ğŸ‡· vs #Mexico ğŸ‡²ğŸ‡½

#World CupQatar2022
#Mex ğŸ‡²ğŸ‡½ vs #Arg ğŸ‡¦ğŸ‡·

#FIFAWorldCup #Qatar2022
#VamosArgentina #mexicoargentina #SeleccionArgentina #ArgentinavsMexico #Argentina #SeleccionMayor #QatarWorldCup2022 #Qatar #Doha #AbuDabi #Fifa #FansArgentinas #fansArgentinos https://t.co/oYd4vQn78K"
138,"@hacecomunidad Today #Argentina ğŸ‡¦ğŸ‡· vs #Mexico ğŸ‡²ğŸ‡½

#World CupQatar2022
#Mex ğŸ‡²ğŸ‡½ vs #Arg ğŸ‡¦ğŸ‡·

#FIFAWorldCup #Qatar2022
#VamosArgentina #mexicoargentina #SeleccionArgentina #ArgentinavsMexico #Argentina #SeleccionMayor #QatarWorldCup2022 #Qatar #Doha #AbuDabi #Fifa #FansArgentinas #fansArgentinos https://t.co/yUp0KGrtfb"
139,"@Nikgaturro Today #Argentina ğŸ‡¦ğŸ‡· vs #Mexico ğŸ‡²ğŸ‡½

#World CupQatar2022
#Mex ğŸ‡²ğŸ‡½ vs #Arg ğŸ‡¦ğŸ‡·

#FIFAWorldCup #Qatar2022
#VamosArgentina #mexicoargentina #SeleccionArgentina #ArgentinavsMexico #Argentina #SeleccionMayor #QatarWorldCup2022 #Qatar #Doha #AbuDabi #Fifa #FansArgentinas #fansArgentinos https://t.co/BBc1HvtJQO"
140,"@QNA_Sports Today #Argentina ğŸ‡¦ğŸ‡· vs #Mexico ğŸ‡²ğŸ‡½

#World CupQatar2022
#Mex ğŸ‡²ğŸ‡½ vs #Arg ğŸ‡¦ğŸ‡·

#FIFAWorldCup #Qatar2022
#VamosArgentina #mexicoargentina #SeleccionArgentina #ArgentinavsMexico #Argentina #SeleccionMayor #QatarWorldCup2022 #Qatar #Doha #AbuDabi #Fifa #FansArgentinas #fansArgentinos https://t.co/RMApdce72v"
141,"@Tsaws_karawy Today #Argentina ğŸ‡¦ğŸ‡· vs #Mexico ğŸ‡²ğŸ‡½

#World CupQatar2022
#Mex ğŸ‡²ğŸ‡½ vs #Arg ğŸ‡¦ğŸ‡·

#FIFAWorldCup #Qatar2022
#VamosArgentina #mexicoargentina #SeleccionArgentina #ArgentinavsMexico #Argentina #SeleccionMayor #QatarWorldCup2022 #Qatar #Doha #AbuDabi #Fifa #FansArgentinas #fansArgentinos https://t.co/m61g8A7fYk"
142,"@HugoPedroQ @miseleccionmx @Argentina @fifaworldcup_es Today #Argentina ğŸ‡¦ğŸ‡· vs #Mexico ğŸ‡²ğŸ‡½

#World CupQatar2022
#Mex ğŸ‡²ğŸ‡½ vs #Arg ğŸ‡¦ğŸ‡·

#FIFAWorldCup #Qatar2022
#VamosArgentina #mexicoargentina #SeleccionArgentina #ArgentinavsMexico #Argentina #SeleccionMayor #QatarWorldCup2022 #Qatar #Doha #AbuDabi #Fifa #FansArgentinas #fansArgentinos https://t.co/qM8zKsxMPg"
143,"@Reforma Today #Argentina ğŸ‡¦ğŸ‡· vs #Mexico ğŸ‡²ğŸ‡½

#World CupQatar2022
#Mex ğŸ‡²ğŸ‡½ vs #Arg ğŸ‡¦ğŸ‡·

#FIFAWorldCup #Qatar2022
#VamosArgentina #mexicoargentina #SeleccionArgentina #ArgentinavsMexico #Argentina #SeleccionMayor #QatarWorldCup2022 #Qatar #Doha #AbuDabi #Fifa #FansArgentinas #fansArgentinos https://t.co/caT9nlQlLg"
144,"@InesSainzG @AztecaDeportes @FIFAWorldCup Today #Argentina ğŸ‡¦ğŸ‡· vs #Mexico ğŸ‡²ğŸ‡½

#World CupQatar2022
#Mex ğŸ‡²ğŸ‡½ vs #Arg ğŸ‡¦ğŸ‡·

#FIFAWorldCup #Qatar2022
#VamosArgentina #mexicoargentina #SeleccionArgentina #ArgentinavsMexico #Argentina #SeleccionMayor #QatarWorldCup2022 #Qatar #Doha #AbuDabi #Fifa #FansArgentinas #fansArgentinos https://t.co/VdraZlk1U6"
145,"@Inesrodri77 Today #Argentina ğŸ‡¦ğŸ‡· vs #Mexico ğŸ‡²ğŸ‡½

#World CupQatar2022
#Mex ğŸ‡²ğŸ‡½ vs #Arg ğŸ‡¦ğŸ‡·

#FIFAWorldCup #Qatar2022
#VamosArgentina #mexicoargentina #SeleccionArgentina #ArgentinavsMexico #Argentina #SeleccionMayor #QatarWorldCup2022 #Qatar #Doha #AbuDabi #Fifa #FansArgentinas #fansArgentinos https://t.co/qURRQxTOE9"
146,"@HasbullaHive Today #Argentina ğŸ‡¦ğŸ‡· vs #Mexico ğŸ‡²ğŸ‡½

#World CupQatar2022
#Mex ğŸ‡²ğŸ‡½ vs #Arg ğŸ‡¦ğŸ‡·

#FIFAWorldCup #Qatar2022
#VamosArgentina #mexicoargentina #SeleccionArgentina #ArgentinavsMexico #Argentina #SeleccionMayor #QatarWorldCup2022 #Qatar #Doha #AbuDabi #Fifa #FansArgentinas #fansArgentinos https://t.co/FRm65fOUQh"
147,"@ControllerLyfe Today #Argentina ğŸ‡¦ğŸ‡· vs #Mexico ğŸ‡²ğŸ‡½

#World CupQatar2022
#Mex ğŸ‡²ğŸ‡½ vs #Arg ğŸ‡¦ğŸ‡·

#FIFAWorldCup #Qatar2022
#VamosArgentina #mexicoargentina #SeleccionArgentina #ArgentinavsMexico #Argentina #SeleccionMayor #QatarWorldCup2022 #Qatar #Doha #AbuDabi #Fifa #FansArgentinas #fansArgentinos https://t.co/mmXJ4MDufO"
148,"@zamo_nu @QatarWC2022NFT @miseleccionmx Today #Argentina ğŸ‡¦ğŸ‡· vs #Mexico ğŸ‡²ğŸ‡½

#World CupQatar2022
#Mex ğŸ‡²ğŸ‡½ vs #Arg ğŸ‡¦ğŸ‡·

#FIFAWorldCup #Qatar2022
#VamosArgentina #mexicoargentina #SeleccionArgentina #ArgentinavsMexico #Argentina #SeleccionMayor #QatarWorldCup2022 #Qatar #Doha #AbuDabi #Fifa #FansArgentinas #fansArgentinos https://t.co/8VCdiurE3n"
149,"@goodenough_fu @_INVISIGOTH_FU @eliteelegance2 @bob_shelden @douxmiel2 @brividodolce @oxford_stud @Be_Shrm2 @heywoodyadda17 @Lesbiantality @LisandraTieta @TwistysExile @Von_Lala_land @ViktorMochalin @Giordy45234717 @diaherag @ladega1957 @Victori18332987 @SML20201 @naughtypolls69 @Wowsosexygirls @CycleBabes @1CuqzNOKAQ8aMXY @LifeIsBeauty0 @Carlos17441732 @L_Dubba7 @spacepriscilla @Alex_smile0 @RIXYART @Laila26893961 @LifeRemakes @SexySlutties @BlackSwan11550 @RichardBurton0 @Naughty82211899 @FreedomMila @balbuen5 @junona2 @PinupStickers @Zidane03259639 @Hakim170670 @BiGirLz00 @XXValeriay @Nadleehe @Alexa_Ann_ @Rim_Caballero @wildcat_ink @saratuttlingen Hoy #Argentina ğŸ‡¦ğŸ‡· vs #MÃ©xico ğŸ‡²ğŸ‡½

#MundialQatar2022
#MexÂ  ğŸ‡²ğŸ‡½ vs #ArgÂ  ğŸ‡¦ğŸ‡· 

#FIFAWorldCupÂ Â #Qatar2022Â Â 
#VamosArgentina #mexicoargentina #SeleccionArgentina #ArgentinavsMexico #Argentina #SeleccionMayor #QatarWorldCup2022 #Qatar #Doha #AbuDabi #Fifa  #FansArgentinas #fansArgentinos https://t.co/DE3SV5utls"
150,"Today #Argentina ğŸ‡¦ğŸ‡· vs #Mexico ğŸ‡²ğŸ‡½

#World CupQatar2022
#Mex ğŸ‡²ğŸ‡½ vs #Arg ğŸ‡¦ğŸ‡·

#FIFAWorldCup #Qatar2022
#VamosArgentina #mexicoargentina #SeleccionArgentina #ArgentinavsMexico #Argentina #SeleccionMayor #QatarWorldCup2022 #Qatar #Doha #AbuDabi #Fifa #FansArgentinas #fansArgentinos https://t.co/ijNsCFrm3T"
151,"@mcmarlyncris @blindadadogrou1 @CRAMOSJCR @ramol_J @imperjunior @imarisapg @uguapodel900 @Missargen @Patriciamnica36 @marcelo_mm2023 @leo_2 @lolamento_eramm @lauraloadedmm @mmxxicambiemos @Paty17628993 @Marshal

#World CupQatar2022
#Mex ï¿¼ ğŸ‡²ğŸ‡½ vs #Arg ï¿¼ ğŸ‡¦ğŸ‡·

#FIFAWorldCup ï¿¼ #Qatar2022 ï¿¼
#VamosArgentina #mexicoargentina #SeleccionArgentina #ArgentinavsMexico #Argentina #SeleccionMayor #QatarWorldCup2022 #Qatar #Doha #AbuDabi #Fifa https://t.co/gCes7pnXTx"
152,#SeleccionMexicana #Mexico #MexicoVsArgentina #SeleccionMayor https://t.co/oRdfhQSE4O
153,"#ARGMEX

#Qatar2022

#QatarWorldCup,

#FIFAWorldCup,

#SeleccionArgentina #VamosArgentina #LaScaloneta #ARG, #SelecciÃ³nMayor #Argentina

vs.

#MÃ©xicoDeMiVida #FMFporNuestroFÃºtbol #MiseleccionMX #Mexico, #MEX #SeleccionMexicana

Get your best odds - fast at https://t.co/Ohl03LebMM https://t.co/DsBt9cXgGH"
154,"Argentina take on Group C rivals Mexico eyeing nothing but a win to keep their World Cup qualification hope alive.

What is your #ARGMEX score prediction? 
#SelecciÃ³nMayor
#MiSeleccionMX https://t.co/hzoj14od5C"
155,"#MajorSelection

All ready, the Albiceleste locker room and the players are already in ğŸŸï¸Lusail for today's game against #MEX for the second match of group C of #Qatar2022

ğŸ“· @fifaworldcup_es https://t.co/AoZkEI7WHe"
156,"This is called ENVY, because they have to get together among several to make a fan... ğŸ‡¦ğŸ‡·
We go with our own...
After the local who the fan has in #Qatar #QAT #Argentina #SelecciÃ³nArgentina #SelecciÃ³nMayor ğŸ’™ğŸ¤ğŸ’™ https://t.co/N2E3gabDSD"
157,"#ARGMEX

#Qatar2022

#QatarWorldCup,

#FIFAWorldCup,

#SeleccionArgentina #VamosArgentina #LaScaloneta #ARG, #SelecciÃ³nMayor #Argentina

vs.

#MÃ©xicoDeMiVida #FMFporNuestroFÃºtbol #MiseleccionMX #Mexico, #MEX #SeleccionMexicana

Get your best odds - fast at https://t.co/Ohl03KWAVe https://t.co/phpjI4dOu8"
158,"#SelecciÃ³nMayor Let's go Argentina, today we won 3x1 against Mexico."
159,"FIFA WORLD CUP QATAR 2022

Argentina vs Mexico
Sunday 27 November 2022
Kick Off: 02.00 WIB

#matchday #worldcup #worldcup #duniapilot #dunia2022 schedule #SelecciÃ³nMayor #Argentina #Messi #TodosJuntos #ARGMEX #MiSeleccionMX #Mexico #MÃ©xicoDeMiVida #hobi4d #lgbt #gitasav https://t.co/FDtfRpw8HG"
160,"It's TODAY, it's TODAY... ğŸ’™ğŸ¤ğŸ’™
LET'S GO ARGENTINA!
#Everyday I love you more
""Neither in good nor in bad... ALWAYS WITH YOU""
#SeleccionMayor #VamosArgentina
@afa https://t.co/JYZ7G3qHva"
161,"@Inesrodri77 Today #Argentina ğŸ‡¦ğŸ‡· vs #Mexico ğŸ‡²ğŸ‡½

#World CupQatar2022
#Mex ğŸ‡²ğŸ‡½ vs #Arg ğŸ‡¦ğŸ‡·

#FIFAWorldCup #Qatar2022
#VamosArgentina #mexicoargentina #SeleccionArgentina #ArgentinavsMexico #Argentina #SeleccionMayor #QatarWorldCup2022 #Qatar #Doha #AbuDabi #Fifa #FansArgentinas #fansArgentinos https://t.co/qURRQxTOE9"
162,"@HasbullaHive Today #Argentina ğŸ‡¦ğŸ‡· vs #Mexico ğŸ‡²ğŸ‡½

#World CupQatar2022
#Mex ğŸ‡²ğŸ‡½ vs #Arg ğŸ‡¦ğŸ‡·

#FIFAWorldCup #Qatar2022
#VamosArgentina #mexicoargentina #SeleccionArgentina #ArgentinavsMexico #Argentina #SeleccionMayor #QatarWorldCup2022 #Qatar #Doha #AbuDabi #Fifa #FansArgentinas #fansArgentinos https://t.co/FRm65fOUQh"
163,"@ControllerLyfe Today #Argentina ğŸ‡¦ğŸ‡· vs #Mexico ğŸ‡²ğŸ‡½

#World CupQatar2022
#Mex ğŸ‡²ğŸ‡½ vs #Arg ğŸ‡¦ğŸ‡·

#FIFAWorldCup #Qatar2022
#VamosArgentina #mexicoargentina #SeleccionArgentina #ArgentinavsMexico #Argentina #SeleccionMayor #QatarWorldCup2022 #Qatar #Doha #AbuDabi #Fifa #FansArgentinas #fansArgentinos https://t.co/mmXJ4MDufO"
164,"@zamo_nu @QatarWC2022NFT @miseleccionmx Today #Argentina ğŸ‡¦ğŸ‡· vs #Mexico ğŸ‡²ğŸ‡½

#World CupQatar2022
#Mex ğŸ‡²ğŸ‡½ vs #Arg ğŸ‡¦ğŸ‡·

#FIFAWorldCup #Qatar2022
#VamosArgentina #mexicoargentina #SeleccionArgentina #ArgentinavsMexico #Argentina #SeleccionMayor #QatarWorldCup2022 #Qatar #Doha #AbuDabi #Fifa #FansArgentinas #fansArgentinos https://t.co/8VCdiurE3n"
165,"@goodenough_fu @_INVISIGOTH_FU @eliteelegance2 @bob_shelden @douxmiel2 @brividodolce @oxford_stud @Be_Shrm2 @heywoodyadda17 @Lesbiantality @LisandraTieta @TwistysExile @Von_Lala_land @ViktorMochalin @Giordy45234717 @diaherag @ladega1957 @Victori18332987 @SML20201 @naughtypolls69 @Wowsosexygirls @CycleBabes @1CuqzNOKAQ8aMXY @LifeIsBeauty0 @Carlos17441732 @L_Dubba7 @spacepriscilla @Alex_smile0 @RIXYART @Laila26893961 @LifeRemakes @SexySlutties @BlackSwan11550 @RichardBurton0 @Naughty82211899 @FreedomMila @balbuen5 @junona2 @PinupStickers @Zidane03259639 @Hakim170670 @BiGirLz00 @XXValeriay @Nadleehe @Alexa_Ann_ @Rim_Caballero @wildcat_ink @saratuttlingen Hoy #Argentina ğŸ‡¦ğŸ‡· vs #MÃ©xico ğŸ‡²ğŸ‡½

#MundialQatar2022
#MexÂ  ğŸ‡²ğŸ‡½ vs #ArgÂ  ğŸ‡¦ğŸ‡· 

#FIFAWorldCupÂ Â #Qatar2022Â Â 
#VamosArgentina #mexicoargentina #SeleccionArgentina #ArgentinavsMexico #Argentina #SeleccionMayor #QatarWorldCup2022 #Qatar #Doha #AbuDabi #Fifa  #FansArgentinas #fansArgentinos https://t.co/DE3SV5utls"
166,"Today #Argentina ğŸ‡¦ğŸ‡· vs #Mexico ğŸ‡²ğŸ‡½

#World CupQatar2022
#Mex ğŸ‡²ğŸ‡½ vs #Arg ğŸ‡¦ğŸ‡·

#FIFAWorldCup #Qatar2022
#VamosArgentina #mexicoargentina #SeleccionArgentina #ArgentinavsMexico #Argentina #SeleccionMayor #QatarWorldCup2022 #Qatar #Doha #AbuDabi #Fifa #FansArgentinas #fansArgentinos https://t.co/ijNsCFrm3T"
167,"@mcmarlyncris @blindadadogrou1 @CRAMOSJCR @ramol_J @imperjunior @imarisapg @uguapodel900 @Missargen @Patriciamnica36 @marcelo_mm2023 @leo_2 @lolamento_eramm @lauraloadedmm @mmxxicambiemos @Paty17628993 @Marshal

#World CupQatar2022
#Mex ï¿¼ ğŸ‡²ğŸ‡½ vs #Arg ï¿¼ ğŸ‡¦ğŸ‡·

#FIFAWorldCup ï¿¼ #Qatar2022 ï¿¼
#VamosArgentina #mexicoargentina #SeleccionArgentina #ArgentinavsMexico #Argentina #SeleccionMayor #QatarWorldCup2022 #Qatar #Doha #AbuDabi #Fifa https://t.co/gCes7pnXTx"
168,#SeleccionMexicana #Mexico #MexicoVsArgentina #SeleccionMayor https://t.co/oRdfhQSE4O
169,"#ARGMEX

#Qatar2022

#QatarWorldCup,

#FIFAWorldCup,

#SeleccionArgentina #VamosArgentina #LaScaloneta #ARG, #SelecciÃ³nMayor #Argentina

vs.

#MÃ©xicoDeMiVida #FMFporNuestroFÃºtbol #MiseleccionMX #Mexico, #MEX #SeleccionMexicana

Get your best odds - fast at https://t.co/Ohl03LebMM https://t.co/DsBt9cXgGH"
170,"Argentina take on Group C rivals Mexico eyeing nothing but a win to keep their World Cup qualification hope alive.

What is your #ARGMEX score prediction? 
#SelecciÃ³nMayor
#MiSeleccionMX https://t.co/hzoj14od5C"
171,"#MajorSelection

All ready, the Albiceleste locker room and the players are already in ğŸŸï¸Lusail for today's game against #MEX for the second match of group C of #Qatar2022

ğŸ“· @fifaworldcup_es https://t.co/AoZkEI7WHe"
172,"This is called ENVY, because they have to get together among several to make a fan... ğŸ‡¦ğŸ‡·
We go with our own...
After the local who the fan has in #Qatar #QAT #Argentina #SelecciÃ³nArgentina #SelecciÃ³nMayor ğŸ’™ğŸ¤ğŸ’™ https://t.co/N2E3gabDSD"
173,"#ARGMEX

#Qatar2022

#QatarWorldCup,

#FIFAWorldCup,

#SeleccionArgentina #VamosArgentina #LaScaloneta #ARG, #SelecciÃ³nMayor #Argentina

vs.

#MÃ©xicoDeMiVida #FMFporNuestroFÃºtbol #MiseleccionMX #Mexico, #MEX #SeleccionMexicana

Get your best odds - fast at https://t.co/Ohl03KWAVe https://t.co/phpjI4dOu8"
174,"#SelecciÃ³nMayor Let's go Argentina, today we won 3x1 against Mexico."
175,"FIFA WORLD CUP QATAR 2022

Argentina vs Mexico
Sunday 27 November 2022
Kick Off: 02.00 WIB

#matchday #worldcup #worldcup #duniapilot #dunia2022 schedule #SelecciÃ³nMayor #Argentina #Messi #TodosJuntos #ARGMEX #MiSeleccionMX #Mexico #MÃ©xicoDeMiVida #hobi4d #lgbt #gitasav https://t.co/FDtfRpw8HG"
176,"It's TODAY, it's TODAY... ğŸ’™ğŸ¤ğŸ’™
LET'S GO ARGENTINA!
#Everyday I love you more
""Neither in good nor in bad... ALWAYS WITH YOU""
#SeleccionMayor #VamosArgentina
@afa https://t.co/JYZ7G3qHva"
177,"@Inesrodri77 Today #Argentina ğŸ‡¦ğŸ‡· vs #Mexico ğŸ‡²ğŸ‡½

#World CupQatar2022
#Mex ğŸ‡²ğŸ‡½ vs #Arg ğŸ‡¦ğŸ‡·

#FIFAWorldCup #Qatar2022
#VamosArgentina #mexicoargentina #SeleccionArgentina #ArgentinavsMexico #Argentina #SeleccionMayor #QatarWorldCup2022 #Qatar #Doha #AbuDabi #Fifa #FansArgentinas #fansArgentinos https://t.co/qURRQxTOE9"
178,"@HasbullaHive Today #Argentina ğŸ‡¦ğŸ‡· vs #Mexico ğŸ‡²ğŸ‡½

#World CupQatar2022
#Mex ğŸ‡²ğŸ‡½ vs #Arg ğŸ‡¦ğŸ‡·

#FIFAWorldCup #Qatar2022
#VamosArgentina #mexicoargentina #SeleccionArgentina #ArgentinavsMexico #Argentina #SeleccionMayor #QatarWorldCup2022 #Qatar #Doha #AbuDabi #Fifa #FansArgentinas #fansArgentinos https://t.co/FRm65fOUQh"
179,"@ControllerLyfe Today #Argentina ğŸ‡¦ğŸ‡· vs #Mexico ğŸ‡²ğŸ‡½

#World CupQatar2022
#Mex ğŸ‡²ğŸ‡½ vs #Arg ğŸ‡¦ğŸ‡·

#FIFAWorldCup #Qatar2022
#VamosArgentina #mexicoargentina #SeleccionArgentina #ArgentinavsMexico #Argentina #SeleccionMayor #QatarWorldCup2022 #Qatar #Doha #AbuDabi #Fifa #FansArgentinas #fansArgentinos https://t.co/mmXJ4MDufO"
180,"@zamo_nu @QatarWC2022NFT @miseleccionmx Today #Argentina ğŸ‡¦ğŸ‡· vs #Mexico ğŸ‡²ğŸ‡½

#World CupQatar2022
#Mex ğŸ‡²ğŸ‡½ vs #Arg ğŸ‡¦ğŸ‡·

#FIFAWorldCup #Qatar2022
#VamosArgentina #mexicoargentina #SeleccionArgentina #ArgentinavsMexico #Argentina #SeleccionMayor #QatarWorldCup2022 #Qatar #Doha #AbuDabi #Fifa #FansArgentinas #fansArgentinos https://t.co/8VCdiurE3n"
181,"@goodenough_fu @_INVISIGOTH_FU @eliteelegance2 @bob_shelden @douxmiel2 @brividodolce @oxford_stud @Be_Shrm2 @heywoodyadda17 @Lesbiantality @LisandraTieta @TwistysExile @Von_Lala_land @ViktorMochalin @Giordy45234717 @diaherag @ladega1957 @Victori18332987 @SML20201 @naughtypolls69 @Wowsosexygirls @CycleBabes @1CuqzNOKAQ8aMXY @LifeIsBeauty0 @Carlos17441732 @L_Dubba7 @spacepriscilla @Alex_smile0 @RIXYART @Laila26893961 @LifeRemakes @SexySlutties @BlackSwan11550 @RichardBurton0 @Naughty82211899 @FreedomMila @balbuen5 @junona2 @PinupStickers @Zidane03259639 @Hakim170670 @BiGirLz00 @XXValeriay @Nadleehe @Alexa_Ann_ @Rim_Caballero @wildcat_ink @saratuttlingen Hoy #Argentina ğŸ‡¦ğŸ‡· vs #MÃ©xico ğŸ‡²ğŸ‡½

#MundialQatar2022
#MexÂ  ğŸ‡²ğŸ‡½ vs #ArgÂ  ğŸ‡¦ğŸ‡· 

#FIFAWorldCupÂ Â #Qatar2022Â Â 
#VamosArgentina #mexicoargentina #SeleccionArgentina #ArgentinavsMexico #Argentina #SeleccionMayor #QatarWorldCup2022 #Qatar #Doha #AbuDabi #Fifa  #FansArgentinas #fansArgentinos https://t.co/DE3SV5utls"
182,"Today #Argentina ğŸ‡¦ğŸ‡· vs #Mexico ğŸ‡²ğŸ‡½

#World CupQatar2022
#Mex ğŸ‡²ğŸ‡½ vs #Arg ğŸ‡¦ğŸ‡·

#FIFAWorldCup #Qatar2022
#VamosArgentina #mexicoargentina #SeleccionArgentina #ArgentinavsMexico #Argentina #SeleccionMayor #QatarWorldCup2022 #Qatar #Doha #AbuDabi #Fifa #FansArgentinas #fansArgentinos https://t.co/ijNsCFrm3T"
183,"@mcmarlyncris @blindadadogrou1 @CRAMOSJCR @ramol_J @imperjunior @imarisapg @uguapodel900 @Missargen @Patriciamnica36 @marcelo_mm2023 @leo_2 @lolamento_eramm @lauraloadedmm @mmxxicambiemos @Paty17628993 @Marshal

#World CupQatar2022
#Mex ï¿¼ ğŸ‡²ğŸ‡½ vs #Arg ï¿¼ ğŸ‡¦ğŸ‡·

#FIFAWorldCup ï¿¼ #Qatar2022 ï¿¼
#VamosArgentina #mexicoargentina #SeleccionArgentina #ArgentinavsMexico #Argentina #SeleccionMayor #QatarWorldCup2022 #Qatar #Doha #AbuDabi #Fifa https://t.co/gCes7pnXTx"
184,#SeleccionMexicana #Mexico #MexicoVsArgentina #SeleccionMayor https://t.co/oRdfhQSE4O
185,"#ARGMEX

#Qatar2022

#QatarWorldCup,

#FIFAWorldCup,

#SeleccionArgentina #VamosArgentina #LaScaloneta #ARG, #SelecciÃ³nMayor #Argentina

vs.

#MÃ©xicoDeMiVida #FMFporNuestroFÃºtbol #MiseleccionMX #Mexico, #MEX #SeleccionMexicana

Get your best odds - fast at https://t.co/Ohl03LebMM https://t.co/DsBt9cXgGH"
186,"Argentina take on Group C rivals Mexico eyeing nothing but a win to keep their World Cup qualification hope alive.

What is your #ARGMEX score prediction? 
#SelecciÃ³nMayor
#MiSeleccionMX https://t.co/hzoj14od5C"
187,"#MajorSelection

All ready, the Albiceleste locker room and the players are already in ğŸŸï¸Lusail for today's game against #MEX for the second match of group C of #Qatar2022

ğŸ“· @fifaworldcup_es https://t.co/AoZkEI7WHe"
188,"This is called ENVY, because they have to get together among several to make a fan... ğŸ‡¦ğŸ‡·
We go with our own...
After the local who the fan has in #Qatar #QAT #Argentina #SelecciÃ³nArgentina #SelecciÃ³nMayor ğŸ’™ğŸ¤ğŸ’™ https://t.co/N2E3gabDSD"
189,"#ARGMEX

#Qatar2022

#QatarWorldCup,

#FIFAWorldCup,

#SeleccionArgentina #VamosArgentina #LaScaloneta #ARG, #SelecciÃ³nMayor #Argentina

vs.

#MÃ©xicoDeMiVida #FMFporNuestroFÃºtbol #MiseleccionMX #Mexico, #MEX #SeleccionMexicana

Get your best odds - fast at https://t.co/Ohl03KWAVe https://t.co/phpjI4dOu8"
190,"#SelecciÃ³nMayor Let's go Argentina, today we won 3x1 against Mexico."
191,"FIFA WORLD CUP QATAR 2022

Argentina vs Mexico
Sunday 27 November 2022
Kick Off: 02.00 WIB

#matchday #worldcup #worldcup #duniapilot #dunia2022 schedule #SelecciÃ³nMayor #Argentina #Messi #TodosJuntos #ARGMEX #MiSeleccionMX #Mexico #MÃ©xicoDeMiVida #hobi4d #lgbt #gitasav https://t.co/FDtfRpw8HG"
192,"It's TODAY, it's TODAY... ğŸ’™ğŸ¤ğŸ’™
LET'S GO ARGENTINA!
#Everyday I love you more
""Neither in good nor in bad... ALWAYS WITH YOU""
#SeleccionMayor #VamosArgentina
@afa https://t.co/JYZ7G3qHva"
193,"PLAY WITHOUT FEAR AS YOU DID IN THE AMERICA'S CUP, TOUCHING AND WITHOUT BOLUDEING DOWN WITH PASSING IT TO ONE ANOTHER PLAYING BACK. THE SAME ALWAYS HAPPENS WHEN THEY DO THOSE BULLIES BELOW, AFTER THEY SCORE GOALS AND THERE THEY BEGIN TO WARM UP AND PLAY WELL. ENOUGH OF THAT #SelecciÃ³nMayor"
194,"AND THEY HAVE TO PLAY THE 90 MINUTES AS IF THEY WERE LOSING AND THERE ARE 5"" TO END THE MATCH AND THEY HAVE TO TIE, YOU HAVE TO TAKE THE MIND THAT THERE ARE 5"" LEFT TO SCORE 2 GOALS. IT IS THE ONLY WAY THEY RUN AND GIVE LIFE. AND WITHOUT FUCKING DOWN NO MUCH AS THEY ARE WINNING #SelecciÃ³nMayor"
195,"Well guys, tomorrow to put on the shirt, sweat it and leave life on the field. WE NEED THEM TO PLAY LIKE THEY DID IN THE AMERICA'S CUP, PLAYING WITH THAT QUALITY WE SAW BEFORE, AND STOP FUCKING WITH PASSING IT TO ONE ANOTHER IN THEIR AREA AND DON'T PLAY BACK #SelecciÃ³nMayor"
196,"@Argentina

#MajorSelection

 Last training session before facing #Mexico ğŸ‡²ğŸ‡½

#TodosJuntos ğŸ¤œğŸ¤› https://t.co/PJfgBWndhV"
197,"FOR EVERYTHING TOMORROW MANY THE WHOLE COUNTRY SUPPORTS YOU CHEER UP ğŸ‡¦ğŸ‡·ğŸ‡¦ğŸ‡·ğŸ’ªğŸ’ªğŸ’ª
#MajorSelection"
198,"#MajorSelection

 Last training session before facing #Mexico ğŸ‡²ğŸ‡½

#TodosJuntos ğŸ¤œğŸ¤› https://t.co/50kaYTBKlw"
199,"@mcmarlyncris @BlindadoGrupo1 @AyzaAle @ConstantinaGod @OBerretta @PtcRecargado @mmalbahi @suvi_winnie @yosoystellita2 @Desarrollow @LalyLovey1ra @elsablo6 @Diana0750 @simoluz10 @ZeraClau @Nosaltoque @migeroli @hemera133 @hamarga78 @ejdc59 @Ani_EB @Clota7 @hobbyta #ArgÂ ï¿¼Â  ğŸ‡¦ ğŸ‡· vs #Mexico ğŸ‡²ğŸ‡½
Let's go Daniel Tata TÃ©cnico de MÃ©xico will make it form 3-5-2 for the first time
(finally an Argentinian who after so many recipes learned to prescribe others...lol ğŸ™ˆğŸ˜ğŸ‘

#SeleccionArgentina ï¿¼ #todosjuntos #Argentina #seleccionNacional #SeleccionMayor https://t.co/4LpFscnaS9"
200,"@MPELUSSI @DGIOZUE @danieloyola0 @caroguidolin @victorbocco @tomasva0134 @andanesegladys @chino_paez @aliciabarrilli @leonorpiccion12 @marieta72714893 @pietraroiamaria @patorossi1993 @omarwualter @aleeli26281405 @Grag
Let's go Daniel Tata TÃ©cnico de MÃ©xico will make it form 3-5-2 for the first time
(finally an Argentinian who after so many recipes learned to prescribe others...lol ğŸ™ˆğŸ˜ğŸ‘)

#SeleccionArgentina ï¿¼ #todosjuntos #Argentina #seleccionNacional #SeleccionMayor https://t.co/IfJhNeQHf2"
201,"@AmericaTV #Arg ï¿¼ ğŸ‡¦ğŸ‡· vs #Mexico ğŸ‡²ğŸ‡½
Let's go Daniel Tata TÃ©cnico de MÃ©xico will make it form 3-5-2 for the first time
(finally an Argentinian who after so many recipes learned to prescribe others...lol ğŸ™ˆğŸ˜ğŸ‘)

#SeleccionArgentina ï¿¼ #todosjuntos #Argentina #seleccionNacional #SeleccionMayor https://t.co/Gwo6EHB8Rk"
202,"@luluci99 #Arg ï¿¼ ğŸ‡¦ğŸ‡· vs #Mexico ğŸ‡²ğŸ‡½
Let's go Daniel Tata TÃ©cnico de MÃ©xico will make it form 3-5-2 for the first time
(finally an Argentinian who after so many recipes learned to prescribe others...lol ğŸ™ˆğŸ˜ğŸ‘)

#SeleccionArgentina ï¿¼ #todosjuntos #Argentina #seleccionNacional #SeleccionMayor https://t.co/MroBiZOaT8"
203,"@barci_2010 @_LaMaximoK @soyLiliVivero2 #Arg ï¿¼ ğŸ‡¦ğŸ‡· vs #Mexico ğŸ‡²ğŸ‡½
Let's go Daniel Tata TÃ©cnico de MÃ©xico will make it form 3-5-2 for the first time
(finally an Argentinian who after so many recipes learned to prescribe others...lol ğŸ™ˆğŸ˜ğŸ‘)

#SeleccionArgentina ï¿¼ #todosjuntos #Argentina #seleccionNacional #SeleccionMayor https://t.co/GrxCBPB82Q"
204,"@lanacionmas @PRossiOficial @GuillermoLabord @ZinClaudio @guadavazquez @gabrieliezzi #Arg ï¿¼ ğŸ‡¦ğŸ‡· vs #Mexico ğŸ‡²ğŸ‡½
Let's go Daniel Tata TÃ©cnico de MÃ©xico will make it form 3-5-2 for the first time
(finally an Argentinian who after so many recipes learned to prescribe others...lol ğŸ™ˆğŸ˜ğŸ‘)

#SeleccionArgentina ï¿¼ #todosjuntos #Argentina #seleccionNacional #SeleccionMayor https://t.co/wqGTBG0yqm"
205,"#Arg ğŸ‡¦ğŸ‡· vs #Mexico ğŸ‡²ğŸ‡½
Let's go Daniel Tata TÃ©cnico de MÃ©xico will make it form 3-5-2 for the first time
(finally an Argentinian who after so many recipes learned to prescribe others...lol ğŸ™ˆğŸ˜ğŸ‘)

#SeleccionArgentina #todosjuntos #Argentina #seleccionNacional #SeleccionMayor #Qatar https://t.co/ztFvfgrvKn"
206,"PLAY WITHOUT FEAR AS YOU DID IN THE AMERICA'S CUP, TOUCHING AND WITHOUT BOLUDEING DOWN WITH PASSING IT TO ONE ANOTHER PLAYING BACK. THE SAME ALWAYS HAPPENS WHEN THEY DO THOSE BULLIES BELOW, AFTER THEY SCORE GOALS AND THERE THEY BEGIN TO WARM UP AND PLAY WELL. ENOUGH OF THAT #SelecciÃ³nMayor"
207,"AND THEY HAVE TO PLAY THE 90 MINUTES AS IF THEY WERE LOSING AND THERE ARE 5"" TO END THE MATCH AND THEY HAVE TO TIE, YOU HAVE TO TAKE THE MIND THAT THERE ARE 5"" LEFT TO SCORE 2 GOALS. IT IS THE ONLY WAY THEY RUN AND GIVE LIFE. AND WITHOUT FUCKING DOWN NO MUCH AS THEY ARE WINNING #SelecciÃ³nMayor"
208,"Well guys, tomorrow to put on the shirt, sweat it and leave life on the field. WE NEED THEM TO PLAY LIKE THEY DID IN THE AMERICA'S CUP, PLAYING WITH THAT QUALITY WE SAW BEFORE, AND STOP FUCKING WITH PASSING IT TO ONE ANOTHER IN THEIR AREA AND DON'T PLAY BACK #SelecciÃ³nMayor"
209,"@Argentina

#MajorSelection

 Last training session before facing #Mexico ğŸ‡²ğŸ‡½

#TodosJuntos ğŸ¤œğŸ¤› https://t.co/PJfgBWndhV"
210,"FOR EVERYTHING TOMORROW MANY THE WHOLE COUNTRY SUPPORTS YOU CHEER UP ğŸ‡¦ğŸ‡·ğŸ‡¦ğŸ‡·ğŸ’ªğŸ’ªğŸ’ª
#MajorSelection"
211,"#MajorSelection

 Last training session before facing #Mexico ğŸ‡²ğŸ‡½

#TodosJuntos ğŸ¤œğŸ¤› https://t.co/50kaYTBKlw"
212,"@mcmarlyncris @BlindadoGrupo1 @AyzaAle @ConstantinaGod @OBerretta @PtcRecargado @mmalbahi @suvi_winnie @yosoystellita2 @Desarrollow @LalyLovey1ra @elsablo6 @Diana0750 @simoluz10 @ZeraClau @Nosaltoque @migeroli @hemera133 @hamarga78 @ejdc59 @Ani_EB @Clota7 @hobbyta #ArgÂ ï¿¼Â  ğŸ‡¦ ğŸ‡· vs #Mexico ğŸ‡²ğŸ‡½
Let's go Daniel Tata TÃ©cnico de MÃ©xico will make it form 3-5-2 for the first time
(finally an Argentinian who after so many recipes learned to prescribe others...lol ğŸ™ˆğŸ˜ğŸ‘

#SeleccionArgentina ï¿¼ #todosjuntos #Argentina #seleccionNacional #SeleccionMayor https://t.co/4LpFscnaS9"
213,"@MPELUSSI @DGIOZUE @danieloyola0 @caroguidolin @victorbocco @tomasva0134 @andanesegladys @chino_paez @aliciabarrilli @leonorpiccion12 @marieta72714893 @pietraroiamaria @patorossi1993 @omarwualter @aleeli26281405 @Grag
Let's go Daniel Tata TÃ©cnico de MÃ©xico will make it form 3-5-2 for the first time
(finally an Argentinian who after so many recipes learned to prescribe others...lol ğŸ™ˆğŸ˜ğŸ‘)

#SeleccionArgentina ï¿¼ #todosjuntos #Argentina #seleccionNacional #SeleccionMayor https://t.co/IfJhNeQHf2"
214,"@AmericaTV #Arg ï¿¼ ğŸ‡¦ğŸ‡· vs #Mexico ğŸ‡²ğŸ‡½
Let's go Daniel Tata TÃ©cnico de MÃ©xico will make it form 3-5-2 for the first time
(finally an Argentinian who after so many recipes learned to prescribe others...lol ğŸ™ˆğŸ˜ğŸ‘)

#SeleccionArgentina ï¿¼ #todosjuntos #Argentina #seleccionNacional #SeleccionMayor https://t.co/Gwo6EHB8Rk"
215,"@luluci99 #Arg ï¿¼ ğŸ‡¦ğŸ‡· vs #Mexico ğŸ‡²ğŸ‡½
Let's go Daniel Tata TÃ©cnico de MÃ©xico will make it form 3-5-2 for the first time
(finally an Argentinian who after so many recipes learned to prescribe others...lol ğŸ™ˆğŸ˜ğŸ‘)

#SeleccionArgentina ï¿¼ #todosjuntos #Argentina #seleccionNacional #SeleccionMayor https://t.co/MroBiZOaT8"
216,"@barci_2010 @_LaMaximoK @soyLiliVivero2 #Arg ï¿¼ ğŸ‡¦ğŸ‡· vs #Mexico ğŸ‡²ğŸ‡½
Let's go Daniel Tata TÃ©cnico de MÃ©xico will make it form 3-5-2 for the first time
(finally an Argentinian who after so many recipes learned to prescribe others...lol ğŸ™ˆğŸ˜ğŸ‘)

#SeleccionArgentina ï¿¼ #todosjuntos #Argentina #seleccionNacional #SeleccionMayor https://t.co/GrxCBPB82Q"
217,"@lanacionmas @PRossiOficial @GuillermoLabord @ZinClaudio @guadavazquez @gabrieliezzi #Arg ï¿¼ ğŸ‡¦ğŸ‡· vs #Mexico ğŸ‡²ğŸ‡½
Let's go Daniel Tata TÃ©cnico de MÃ©xico will make it form 3-5-2 for the first time
(finally an Argentinian who after so many recipes learned to prescribe others...lol ğŸ™ˆğŸ˜ğŸ‘)

#SeleccionArgentina ï¿¼ #todosjuntos #Argentina #seleccionNacional #SeleccionMayor https://t.co/wqGTBG0yqm"
218,"#Arg ğŸ‡¦ğŸ‡· vs #Mexico ğŸ‡²ğŸ‡½
Let's go Daniel Tata TÃ©cnico de MÃ©xico will make it form 3-5-2 for the first time
(finally an Argentinian who after so many recipes learned to prescribe others...lol ğŸ™ˆğŸ˜ğŸ‘)

#SeleccionArgentina #todosjuntos #Argentina #seleccionNacional #SeleccionMayor #Qatar https://t.co/ztFvfgrvKn"
219,"PLAY WITHOUT FEAR AS YOU DID IN THE AMERICA'S CUP, TOUCHING AND WITHOUT BOLUDEING DOWN WITH PASSING IT TO ONE ANOTHER PLAYING BACK. THE SAME ALWAYS HAPPENS WHEN THEY DO THOSE BULLIES BELOW, AFTER THEY SCORE GOALS AND THERE THEY BEGIN TO WARM UP AND PLAY WELL. ENOUGH OF THAT #SelecciÃ³nMayor"
220,"AND THEY HAVE TO PLAY THE 90 MINUTES AS IF THEY WERE LOSING AND THERE ARE 5"" TO END THE MATCH AND THEY HAVE TO TIE, YOU HAVE TO TAKE THE MIND THAT THERE ARE 5"" LEFT TO SCORE 2 GOALS. IT IS THE ONLY WAY THEY RUN AND GIVE LIFE. AND WITHOUT FUCKING DOWN NO MUCH AS THEY ARE WINNING #SelecciÃ³nMayor"
221,"Well guys, tomorrow to put on the shirt, sweat it and leave life on the field. WE NEED THEM TO PLAY LIKE THEY DID IN THE AMERICA'S CUP, PLAYING WITH THAT QUALITY WE SAW BEFORE, AND STOP FUCKING WITH PASSING IT TO ONE ANOTHER IN THEIR AREA AND DON'T PLAY BACK #SelecciÃ³nMayor"
222,"@Argentina

#MajorSelection

 Last training session before facing #Mexico ğŸ‡²ğŸ‡½

#TodosJuntos ğŸ¤œğŸ¤› https://t.co/PJfgBWndhV"
223,"FOR EVERYTHING TOMORROW MANY THE WHOLE COUNTRY SUPPORTS YOU CHEER UP ğŸ‡¦ğŸ‡·ğŸ‡¦ğŸ‡·ğŸ’ªğŸ’ªğŸ’ª
#MajorSelection"
224,"#MajorSelection

 Last training session before facing #Mexico ğŸ‡²ğŸ‡½

#TodosJuntos ğŸ¤œğŸ¤› https://t.co/50kaYTBKlw"
225,"@mcmarlyncris @BlindadoGrupo1 @AyzaAle @ConstantinaGod @OBerretta @PtcRecargado @mmalbahi @suvi_winnie @yosoystellita2 @Desarrollow @LalyLovey1ra @elsablo6 @Diana0750 @simoluz10 @ZeraClau @Nosaltoque @migeroli @hemera133 @hamarga78 @ejdc59 @Ani_EB @Clota7 @hobbyta #ArgÂ ï¿¼Â  ğŸ‡¦ ğŸ‡· vs #Mexico ğŸ‡²ğŸ‡½
Let's go Daniel Tata TÃ©cnico de MÃ©xico will make it form 3-5-2 for the first time
(finally an Argentinian who after so many recipes learned to prescribe others...lol ğŸ™ˆğŸ˜ğŸ‘

#SeleccionArgentina ï¿¼ #todosjuntos #Argentina #seleccionNacional #SeleccionMayor https://t.co/4LpFscnaS9"
226,"@MPELUSSI @DGIOZUE @danieloyola0 @caroguidolin @victorbocco @tomasva0134 @andanesegladys @chino_paez @aliciabarrilli @leonorpiccion12 @marieta72714893 @pietraroiamaria @patorossi1993 @omarwualter @aleeli26281405 @Grag
Let's go Daniel Tata TÃ©cnico de MÃ©xico will make it form 3-5-2 for the first time
(finally an Argentinian who after so many recipes learned to prescribe others...lol ğŸ™ˆğŸ˜ğŸ‘)

#SeleccionArgentina ï¿¼ #todosjuntos #Argentina #seleccionNacional #SeleccionMayor https://t.co/IfJhNeQHf2"
227,"@AmericaTV #Arg ï¿¼ ğŸ‡¦ğŸ‡· vs #Mexico ğŸ‡²ğŸ‡½
Let's go Daniel Tata TÃ©cnico de MÃ©xico will make it form 3-5-2 for the first time
(finally an Argentinian who after so many recipes learned to prescribe others...lol ğŸ™ˆğŸ˜ğŸ‘)

#SeleccionArgentina ï¿¼ #todosjuntos #Argentina #seleccionNacional #SeleccionMayor https://t.co/Gwo6EHB8Rk"
228,"@luluci99 #Arg ï¿¼ ğŸ‡¦ğŸ‡· vs #Mexico ğŸ‡²ğŸ‡½
Let's go Daniel Tata TÃ©cnico de MÃ©xico will make it form 3-5-2 for the first time
(finally an Argentinian who after so many recipes learned to prescribe others...lol ğŸ™ˆğŸ˜ğŸ‘)

#SeleccionArgentina ï¿¼ #todosjuntos #Argentina #seleccionNacional #SeleccionMayor https://t.co/MroBiZOaT8"
229,"@barci_2010 @_LaMaximoK @soyLiliVivero2 #Arg ï¿¼ ğŸ‡¦ğŸ‡· vs #Mexico ğŸ‡²ğŸ‡½
Let's go Daniel Tata TÃ©cnico de MÃ©xico will make it form 3-5-2 for the first time
(finally an Argentinian who after so many recipes learned to prescribe others...lol ğŸ™ˆğŸ˜ğŸ‘)

#SeleccionArgentina ï¿¼ #todosjuntos #Argentina #seleccionNacional #SeleccionMayor https://t.co/GrxCBPB82Q"
230,"@lanacionmas @PRossiOficial @GuillermoLabord @ZinClaudio @guadavazquez @gabrieliezzi #Arg ï¿¼ ğŸ‡¦ğŸ‡· vs #Mexico ğŸ‡²ğŸ‡½
Let's go Daniel Tata TÃ©cnico de MÃ©xico will make it form 3-5-2 for the first time
(finally an Argentinian who after so many recipes learned to prescribe others...lol ğŸ™ˆğŸ˜ğŸ‘)

#SeleccionArgentina ï¿¼ #todosjuntos #Argentina #seleccionNacional #SeleccionMayor https://t.co/wqGTBG0yqm"
231,"#Arg ğŸ‡¦ğŸ‡· vs #Mexico ğŸ‡²ğŸ‡½
Let's go Daniel Tata TÃ©cnico de MÃ©xico will make it form 3-5-2 for the first time
(finally an Argentinian who after so many recipes learned to prescribe others...lol ğŸ™ˆğŸ˜ğŸ‘)

#SeleccionArgentina #todosjuntos #Argentina #seleccionNacional #SeleccionMayor #Qatar https://t.co/ztFvfgrvKn"
232,"#Qatar2022 #SelecciÃ³nMayor Last training session before facing #Mexico ğŸ‡²ğŸ‡½

#TodosJuntos ğŸ¤œğŸ¤› https://t.co/3JtEtqaZtq"
233,"#Qatar2022 #SelecciÃ³nMayor Last training session before facing #Mexico ğŸ‡²ğŸ‡½

#TodosJuntos ğŸ¤œğŸ¤› https://t.co/3JtEtqaZtq"
234,"#Qatar2022 #SelecciÃ³nMayor Last training session before facing #Mexico ğŸ‡²ğŸ‡½

#TodosJuntos ğŸ¤œğŸ¤› https://t.co/3JtEtqaZtq"
235,"#Qatar2022 #SelecciÃ³nMayor Last training session before facing #Mexico ğŸ‡²ğŸ‡½

#TodosJuntos ğŸ¤œğŸ¤› https://t.co/3JtEtqaZtq"
236,"#Qatar2022 #SelecciÃ³nMayor Last training session before facing #Mexico ğŸ‡²ğŸ‡½

#TodosJuntos ğŸ¤œğŸ¤› https://t.co/3JtEtqaZtq"
237,"#Qatar2022 #SelecciÃ³nMayor Last training session before facing #Mexico ğŸ‡²ğŸ‡½

#TodosJuntos ğŸ¤œğŸ¤› https://t.co/3JtEtqaZtq"
238,"#Qatar2022 #SelecciÃ³nMayor Last training session before facing #Mexico ğŸ‡²ğŸ‡½

#TodosJuntos ğŸ¤œğŸ¤› https://t.co/3JtEtqaZtq"
239,"#Qatar2022 #SelecciÃ³nMayor Last training session before facing #Mexico ğŸ‡²ğŸ‡½

#TodosJuntos ğŸ¤œğŸ¤› https://t.co/3JtEtqaZtq"
240,"#Qatar2022 #SelecciÃ³nMayor Last training session before facing #Mexico ğŸ‡²ğŸ‡½

#TodosJuntos ğŸ¤œğŸ¤› https://t.co/3JtEtqaZtq"
241,"#MajorSelection

In our Qatari noon and night today they held the last training session of the Albiceleste in the field of the University of Qatar already ahead of Saturday's meeting with #Mexico.

@Argentina https://t.co/pjivRJiuSX"
242,"#MajorSelection

In our Qatari noon and night today they held the last training session of the Albiceleste in the field of the University of Qatar already ahead of Saturday's meeting with #Mexico.

@Argentina https://t.co/pjivRJiuSX"
243,"#MajorSelection

In our Qatari noon and night today they held the last training session of the Albiceleste in the field of the University of Qatar already ahead of Saturday's meeting with #Mexico.

@Argentina https://t.co/pjivRJiuSX"
244,"#MajorSelection

In our Qatari noon and night today they held the last training session of the Albiceleste in the field of the University of Qatar already ahead of Saturday's meeting with #Mexico.

@Argentina https://t.co/pjivRJiuSX"
245,"#SelecciÃ³nMayor #VueltadepÃ¡gina and to #mess with everything.

#Focused at 110%! ğŸ’ªğŸ½ #TodosJuntos
https://t.co/WJWU2LRAPZ https://t.co/YJMC4oF1Ie"
246,"#SelecciÃ³nMayor Turn the page and mess with everything.
ğŸ‡¦ğŸ‡· in Qatar - Doha https://t.co/JwxZFm81Lu"
247,"#SelecciÃ³nMayor Turn the page and mess with everything.

ğŸ“ https://t.co/K8wwJ9kHZP

âš½ 110% focused! ğŸ’ªğŸ½ #TodosJuntos ğŸ‡¦ğŸ‡· https://t.co/NrC3HylWrO"
248,"ğŸ¶Ohhh come on come on Boooo ğŸ‡¯ğŸ‡µ Japan is not for everyoneğŸ†ğŸ†ğŸ’™ğŸ’›ğŸ’™â€¦ We left great memories in Japan @japanfootball_a and in #Qatar2022 tooğŸ˜‰ #SomosBombonera

#JPN #GER #VamosArgentina #TodosJuntos #VamosArgentinağŸ‡¦ğŸ‡· #SeleccionMayor #Argentina #Qatar https://t.co/VQxbu9J2Ik"
249,"@Argentina supporters ğŸ‡¦ğŸ‡·
@Argentina
 ğŸ† #SelecciÃ³nMayor #TodosJuntos ....#Carasucias ğŸ‘‡https://t.co/riQATFKsvo"
250,The goal that #VAR VAR canceled against #Argentina #ARG #SeleccionArgentina #SeleccionMayor and #LautaroMartÃ­nez was badly cancelled. They drew the lines wrong. They forgot the left side that had been hooked. It was partial 2-0 #Qatar2022 https://t.co/pVwhIRXzUV
251,Today is one of those days where I have a good example for my children when they ask me why you have to learn math. #SeleccionArgentina #SeleccionMayor #WorldcupQatar2022 #MundialQatar2022
252,"@fifaworldcup_es

NEXT MATCH

GROUP C DATE 2

ğŸ“… Saturday November 26
â° 4:00 p.m.
âš½ #Argentina ğŸ†š #Mexico
ğŸŸï¸ Lusail

#Qatar2022
#FIFAWorldCup
#Mexico
#Argentina
#Aztec
#SeleccionMayor https://t.co/GPoYhZr2SZ"
253,both the ball and the second-last opponent. The arms are not included in this definition. Reglamento de la FIFA. https://t.co/O5Y5Fky0Ee #MundialQatar2022 #SeleccionMayor #WorldcupQatar2022 ğŸ¤¬
254,"During the run-up to the @fifaworldcup_es, several important players from the different teams suffered injuries that sidelined them from the tournament.

ğŸ§µI open a thread to review the most outstanding:

#Qatar2022 #FIFAWorldCup #Injuries #SelectionMayor"
255,The VAR World Cup: a gift and 3 canceled goals for @Argentina #SeleccionMayor #Argentina #Sports https://t.co/8se5NxsW7z
256,HOW THEY DID PUTA MADRE EMPTY #SeleccionMayor
257,When you support Mexico and the next second for Poland... ğŸ˜± #WorldcupQatar2022 #WorldCup2022 #Mundial2022 #MundialQatar2022 #SeleccionMayor
258,"After all 8a is not a strainer ğŸ¤ŒğŸ¼ğŸ‡²ğŸ‡½

#MajorSelection"
259,"Saudi Arabia had an unexpected 1-2 victory against Argentina earlier at #WorldCup2022. #SelecciÃ³nMayor #GreenFalcons

Saleh Alshehri âš½ï¸
Salem Aldawsari âš½ï¸"
260,"@ELTIEMPO I'm also sorry for Messi, said Don Facundo, who has never been a world champion with Argentina. #Qatar2022 @LeoMessiFanClub #ArgentinaVsSaudiArabia #Messi #CopaDelMundo2022 #MundialQatar2022 #QatarWordCup2022 #MemesQatar2022 #SeleccionMayor #VamosArgentina #SiguemeYTeSigo"
261,#TyCSportsMundial #SeleccionMayor #Argentina #Catar2022 #GELP What result suits Argentina ğŸ‡¦ğŸ‡·
262,"#MundialQatar2022 #SeleccionMayor The postcards left by the first match that Argentina played against Saudi Arabia and captured by the AIRE team in Qatar: ""The one who doesn't jump is an Englishman"" ğŸ‘‡ğŸ‘‡ğŸ‘‡
https://t.co/04MxuvyPiJ"
263,"#MundialQatar2022 #SeleccionMayor What was the reaction of the Argentine fans after the defeat of the Argentine National Team against Saudi Arabia.âš½ï¸âš½ï¸âš½ï¸

https://t.co/APDyRtCYtd"
264,"#Argentina vs #SaudiArabia #ArabiaSaudita Full Match & #Highlights #Replay #FIFAWorldCup November 22, 2022 #Qatar2022 #WorldCup2022 #ARGKSA #VamosArgentina #GreenFalcons #SelecciÃ³nMayor #TodosJuntos #KSAARG #ARG #KSA https://t.co/VFTkkD6MvG"
265,"Gollll from Argentina ğŸ”„ Please share ğŸ™ğŸ»

ğŸ”´Live!ğŸ“±ğŸ‘‰ https://t.co/4De9bByUFq
https://t.co/nPxXRUXh7r

âš½|#SoyFutbol8 #Qatar2022 #Mundial2022 #futbolmundial #worldcup2022 #futbol #ARG #Argentina #SelecciÃ³nMayor #VamosArgentina #KSA #ArabiaSaudita"
266,"ğŸ‡¦ğŸ‡· Argentina vs Saudi Arabia ğŸ‡¸ğŸ‡¦ ğŸ”„ Share please ğŸ™ğŸ»

ğŸ”´Live!ğŸ“±FreeğŸ‘‰ https://t.co/4De9bByUFq

âš½|#SoyFutbol8 #Qatar2022 #Mundial2022 #futbolmundial #worldcup2022 #futbol #ARG #Argentina #SelecciÃ³nMayor #VamosArgentina #KSA #ArabiaSaudita"
267,"ğŸ‡¦ğŸ‡· Argentina vs Saudi Arabia ğŸ‡¸ğŸ‡¦ ğŸ”„ Share please ğŸ™ğŸ»

ğŸ”´Live!ğŸ“±ğŸ‘‰ https://t.co/nPxXRUXh7r

âš½|#SoyFutbol8 #Qatar2022 #Mundial2022 #futbolmundial #worldcup2022 #futbol #ARG #Argentina #SelecciÃ³nMayor #VamosArgentina #KSA #ArabiaSaudita"
268,"#Preview #SeleccionMayor #MundialQatar2022
In the preview of the start of the game, the AIRE team in Qatar captured the emotion that Argentines experience âš½ï¸
https://t.co/YW2Xj2TU2W"
269,"My review of #WorldCup2022 Group C before
https://t.co/gb1FgV0gQt
#FIFAWorldCup2022
#QatarWorldCup2
#FIFAWorldCup
#Qatar2022
#MajorSelection #Albiceleste
#GreenFalcons
#Green_in_the_World_Cup
#Argentina #ARG
#KSA #SaudiArabia
#ARGKSA #ARGvsKSA #ARGvKSA #NowIsAll"
270,"ğŸ† #FIFAWorldCup

The illusion of millions of Argentines is lit. Let's vibrate together, raising the flag, its colors and our history. Now we have to accompany and defend the #SelecciÃ³nMayor with joy.

ğŸ’ª Let's go Selection! ğŸ‡¦ğŸ‡·

#VamosArgentina | #Qatar2022"
271,"@Argentina #Qatar2022

#MajorSelection

These are the 11 from #Argentina ğŸ‡¦ğŸ‡· that will face #ArabiaSaudita ğŸ‡¸ğŸ‡¦ in ğŸŸï¸ Lusail by group C of @copamundo_2022

#All together
#ArgentinağŸ‡¦ğŸ‡·
#QatarWorldCup2022
#WorldCupQatar2022
#Messi
#FIFAWorldCup2022 https://t.co/5uXodX94WY"
272,"@Argentina

The coaching staff of the #SeleccionMayor @lioscaloni arrived

#All together
#FIFAWorldCup
#Qatar2022
#FIFAWorldCup
#FIFAWorldCupQatar2022 https://t.co/72DgNT0ssi"
273,"#ARGKSA

#Qatar2022

#QatarWorldCup,

#FIFAWorldCup,

#SeleccionArgentina #VamosArgentina #LaScaloneta #SelecciÃ³nMayor #ARG, #Argentina

VS.

#TeamSaudiArabia, #Saudi_Team, #GreenFalcons, #WithYou_Khader, #SaudiArabia #KSA

Get your best odds - fast at https://t.co/Ohl03KWAVe https://t.co/xA2CEKd7Wx"
274,"Argentina vs Saudi Arabia

PixelChallenge! Can you predict the winner? https://t.co/6LQE8FRYFK  

#todosjuntos #greenfalcons  #FIFAWorldCup #Qatar2022  #RoadToQatar2022 #SeleccionMayor #sportbetting #bettingtips #begambleaware https://t.co/tj0CQkjKbX"
275,"@Argentina #Qatar2022

All ready the locker room of the #SeleccionMayor ğŸ‡¦ğŸ‡·

#FIFAWorldCup
#Qatar2022
#SeleccionArgentina
#MajorSelection
#TodosJuntos https://t.co/vv2wMVghvN"
276,"#ARGKSA

#Qatar2022

#QatarWorldCup,

#FIFAWorldCup,

#SeleccionArgentina #VamosArgentina #LaScaloneta #SelecciÃ³nMayor #ARG, #Argentina

VS.

#TeamSaudiArabia, #Saudi_Team, #GreenFalcons, #WithYou_Khader, #SaudiArabia #KSA

Get your best odds - fast at https://t.co/Ohl03KWAVe https://t.co/F6uLi9DTzI"
277,"Two much-loved teams make their debut today.
Who are you going to support?
ğŸ‡¦ğŸ‡· @Argentina ğŸ‡²ğŸ‡½ @miseleccionmx
#fifaworldcup2022 #Qatar2022 #LionelMessi #Messi #SelecciÃ³nMayor #afaseleccion #MÃ©xicoDeMiVida #FMFporNuestroFÃºtbol #TodosJuntos #MiSelecciÃ³nEnQatar #MÃ©xicoDeMiVida
 #QatarWorldCup2022"
278,Nobody sleeps tonight. #FIFAWorldCup #Argentina #QatarWorldCup2022 #SeleccionMayor #Scaloneta https://t.co/axZIBCJXQ9
279,"Start the dream ğŸ† ""LET'S GO ARGENTINA"" #QatarWorldCup2022 #Qatar2022 #SeleccionMayor #SeleccionArgentina https://t.co/AiR3lZ9jYy"
280,"Today, 11-22-22, the Argentine National Team debuts in the 22nd edition of the World Cup. Absolute master number, opening of the energetic portal. I choose to believe and above all I CANCEL MUFA ğŸ™Œ

#SeleccionArgentina #SeleccionMayor #Qatar2022 #CadaDiaTeQuieroMas #ARG #LaScaloneta #Messi #TyCSportsMundial https://t.co/NuEsc8lNfm"
281,"Let's go bandurria! ğŸ™ŒğŸ‡¦ğŸ‡·
W88 is proud to be the Regional Sponsor of AFA, we invite you to place your bets with us that Argentina vs Saudi Arabia is playing today.
#VamosArgentina #SelecciÃ³nMayor #afaseleccion #lionelmessi #scaloneta #dimaria #FIFAWorldCup #qatar2022 https://t.co/Lh90EmBAfu"
282,I love you #VamosArgentina #Messi #Qatar2022 #Argentina #SeleccionMayor #QatarWorldCup2022 https://t.co/DsCiJ6KKms
283,"#CadaDÃ­aTeQuieroMÃ¡s is a few hours away, my best plan since 6am see the preview and then our teamğŸ‡¦ğŸ‡· I love you LeoğŸ’™ #Messi #SeleccionMayor #Argentina #Qatar2022 #QatarWorldCup2022 #Argentina https://t.co/ehysprQ8zR"
